neuron_fafb,neuron_banc,neuron_mcns
720575940599704064,720575941391519872,12847
720575940599733504,720575941391632640,25712
720575940599755776,720575941403698304,27748
720575940599763968,720575941351191296,20345
720575940599736448,720575941353388800,18975
720575940600071680,720575941391485056,15916
720575940600084480,720575941352180992,12956
720575940600143360,720575941408280960,19167
720575940600150784,720575941399990272,15015
720575940600433152,720575941390819200,29567
720575940600588160,720575941407892480,11461
720575940600850432,720575941392137344,12828
720575940600866560,720575941406743040,17795
720575940600934656,720575941390532864,13173
720575940601049088,720575941351300096,16357
720575940601067392,720575941393043456,17670
720575940601206528,720575941390336256,29891
720575940601325440,720575941391467392,15629
720575940601598848,720575941434022144,27347
720575940601603200,720575941412609152,10350
720575940602309632,720575941353420288,51452
720575940602313984,720575941352767744,14757
720575940602398464,720575941438325760,29856
720575940602415616,720575941392057216,15390
720575940602553600,720575941411293056,20773
720575940602605568,720575941353056000,26838
720575940602790656,720575941351444224,25313
720575940602800640,720575941391736960,16425
720575940602815232,720575941390795008,23005
720575940602829568,720575941352544256,14526
720575940602857472,720575941407123840,21564
720575940602858496,720575941429370112,14313
720575940602880768,720575941352825856,13903
720575940603050624,720575941351399680,30571
720575940603082752,720575941351045888,33490
720575940603094656,720575941432121728,35492
720575940603121920,720575941410259840,37736
720575940603186816,720575941435778816,20908
720575940603197440,720575941414758016,15388
720575940603215488,720575941392523264,23014
720575940603238784,720575941351388416,18881
720575940603268736,720575941411356800,26063
720575940603314688,720575941391237376,27011
720575940603317248,720575941404097408,16619
720575940603349248,720575941352827136,12300
720575940599459840,720575941403320192,12925
720575940602964096,720575941352068608,20850
720575940603366144,720575941406971264,26663
720575940603391744,720575941452166272,16311
720575940603455872,720575941391992832,14632
720575940603457792,720575941392463616,13155
720575940603472640,720575941408019328,22834
720575940603491968,720575941390850560,10817
720575940603495680,720575941461960704,34345
720575940603497216,720575941352898560,24204
720575940603501056,720575941350550272,83079
720575940603406208,720575941391229184,80330
720575940603520128,720575941405119104,25370
720575940602857728,720575941351704576,15017
720575940603556992,720575941408690944,21320
720575940603557888,720575941351511040,13105
720575940603618432,720575941430660992,32117
720575940603620224,720575941393645440,13322
720575940603643008,720575941351347712,19596
720575940603659520,720575941351178240,18223
720575940603664000,720575941352087296,18188
720575940603701504,720575941353224960,33159
720575940603715328,720575941393188352,20257
720575940603747328,720575941432743680,26512
720575940603761792,720575941351369472,40511
720575940603765888,720575941410025088,16287
720575940603784576,720575941351173120,29948
720575940603842432,720575941407164544,17265
720575940603851136,720575941399363072,43130
720575940603853056,720575941353180928,31532
720575940603854208,720575941353525760,33644
720575940603896704,720575941448578688,13421
720575940603923072,720575941416290816,18741
720575940603926144,720575941405820928,13848
720575940603935360,720575941430906112,19811
720575940603828736,720575941352132864,39293
720575940603944320,720575941391458688,26971
720575940603948800,720575941413504384,22374
720575940603949056,720575941401964544,20760
720575940603373952,720575941402301696,19867
720575940603404800,720575941351191808,14405
720575940604010368,720575941352411392,14618
720575940604013952,720575941429931648,16243
720575940600101632,720575941391186432,19495
720575940604021376,720575941393183360,17789
720575940604024960,720575941411623040,23335
720575940604027136,720575941428340736,16265
720575940604038912,720575941467967232,19847
720575940603563904,720575941392097664,15373
720575940603905280,720575941426487936,17725
720575940604076928,720575941503733248,38531
720575940603911296,720575941400700416,16913
720575940604086528,720575941391584128,34535
720575940604093952,720575941353441536,15832
720575940602849280,720575941351711232,60151
720575940604098944,720575941412957568,18439
720575940603841920,720575941412709504,13606
720575940604123008,720575941412619136,24111
720575940604126080,720575941393201280,16952
720575940604130432,720575941390363392,18174
720575940602737536,720575941351833856,16400
720575940604142464,720575941408095616,21327
720575940603390336,720575941353138688,15759
720575940604174464,720575941352944640,16453
720575940602497664,720575941411667840,27879
720575940604182400,720575941403317120,25996
720575940604183680,720575941466542976,19219
720575940604188416,720575941351536640,19388
720575940603183872,720575941391944960,20534
720575940604211584,720575941439304192,15120
720575940604213888,720575941391875584,22487
720575940604228480,720575941351883520,12463
720575940604241536,720575941426670464,54044
720575940604256128,720575941426231424,18310
720575940604284288,720575941351776512,28089
720575940604248064,720575941414219648,14292
720575940604304512,720575941414605184,20206
720575940604307968,720575941401072640,19832
720575940604352640,720575941391126272,22576
720575940604383744,720575941399938048,11086
720575940604389376,720575941351888640,13140
720575940604402048,720575941406694016,18993
720575940604412544,720575941403825024,20617
720575940603498880,720575941393197184,26312
720575940604415104,720575941404908416,19788
720575940604444032,720575941442155520,20437
720575940604447104,720575941352057856,21422
720575940604447488,720575941352015872,19546
720575940604452352,720575941439057664,25488
720575940604453376,720575941429196928,17297
720575940603394304,720575941406857344,24288
720575940604467456,720575941430514944,19527
720575940604470144,720575941430873728,54380
720575940603874432,720575941390326528,10694
720575940603818496,720575941390663552,15465
720575940604480896,720575941393133440,24367
720575940604483072,720575941406551296,11766
720575940604412928,720575941392961280,21615
720575940604494720,720575941408587392,40407
720575940604498048,720575941440138624,27388
720575940604508928,720575941430485504,14931
720575940596125824,720575941353012992,14329
720575940604511744,720575941390243328,10605
720575940600124160,720575941402954880,23303
720575940604536960,720575941430799872,18852
720575940604550528,720575941392744960,15103
720575940604552832,720575941350374912,41998
720575940604561792,720575941427441536,13453
720575940604564480,720575941353210624,27473
720575940604567424,720575941390660480,26583
720575940604581120,720575941353222144,14413
720575940604584704,720575941405855872,20245
720575940604592128,720575941407089152,21101
720575940604599680,720575941413788800,16677
720575940602577536,720575941351206912,15873
720575940603526016,720575941400436480,16310
720575940604627840,720575941415853056,17398
720575940604628096,720575941411500160,12045
720575940604630784,720575941351390464,19188
720575940603446400,720575941392390656,37975
720575940604634624,720575941402532480,32047
720575940603904512,720575941435323136,17565
720575940604636800,720575941429419008,15621
720575940604640512,720575941427668864,16329
720575940604643840,720575941544696704,16025
720575940603639680,720575941350764288,15983
720575940604650496,720575941393503616,13383
720575940604658944,720575941400738560,23600
720575940604659456,720575941392113152,39219
720575940604661504,720575941412895104,29136
720575940603011840,720575941390604416,12677
720575940603174400,720575941353070336,11230
720575940604667776,720575941393762432,18441
720575940603430144,720575941391873792,19603
720575940602891264,720575941408714368,25038
720575940604692096,720575941350443264,12279
720575940604533888,720575941351188224,22030
720575940604709120,720575941351170304,21328
720575940604712704,720575941391498368,17204
720575940604714880,720575941409196672,30030
720575940604584064,720575941351183616,19324
720575940604720128,720575941391982080,19101
720575940604721152,720575941393325440,14915
720575940604723456,720575941437323776,27361
720575940604729344,720575941408444544,16406
720575940604738176,720575941408127104,23879
720575940604744576,720575941435845376,13014
720575940602572800,720575941399288320,24368
720575940604774528,720575941392249088,43776
720575940604778624,720575941391665792,28633
720575940604786688,720575941430714368,27596
720575940604738688,720575941351169792,16082
720575940604620544,720575941352775936,13292
720575940604798848,720575941410334336,12392
720575940600547584,720575941392491264,14326
720575940603569792,720575941392743936,16036
720575940604745472,720575941392706816,15632
720575940602401152,720575941459183488,13169
720575940603934848,720575941412572544,24767
720575940604829184,720575941391078400,25848
720575940604831488,720575941425381760,15894
720575940604833920,720575941351164160,23822
720575940603392512,720575941392278656,21473
720575940604200320,720575941392484608,16027
720575940604860288,720575941401594624,40346
720575940604872192,720575941352448768,18252
720575940604892672,720575941402417792,24748
720575940604897280,720575941401918464,27182
720575940603268096,720575941405010304,13765
720575940604912640,720575941426290048,17969
720575940603498368,720575941402095616,11862
720575940603719680,720575941391568128,19288
720575940604597504,720575941429686400,27987
720575940604532864,720575941390728576,13918
720575940604957952,720575941411357312,23814
720575940604958720,720575941411479936,26868
720575940604961024,720575941400948480,17526
720575940604781440,720575941351387392,24777
720575940604478080,720575941391492224,28276
720575940604193024,720575941400022784,12579
720575940603843968,720575941351504896,20672
720575940604964608,720575941432150144,14940
720575940604609536,720575941352401408,10465
720575940604968832,720575941390774656,23925
720575940604971392,720575941391007104,20696
720575940603125248,720575941407986688,24362
720575940605015808,720575941470355712,60130
720575940605028864,720575941478685312,42117
720575940605029120,720575941428373632,21388
720575940605038208,720575941351384064,16239
720575940605039744,720575941624014848,23971
720575940605041920,720575941407042176,23720
720575940603556224,720575941402225024,12265
720575940605046144,720575941391476096,26691
720575940605051008,720575941391953152,13275
720575940602140800,720575941351251200,14144
720575940604738048,720575941391387008,17264
720575940603384704,720575941352925696,29207
720575940603807360,720575941391110656,18284
720575940604381824,720575941477522816,15780
720575940605092736,720575941562594176,50295
720575940605097088,720575941415783168,30917
720575940605097984,720575941352081920,26761
720575940604437760,720575941508608384,28200
720575940605106048,720575941399317504,28425
720575940605114880,720575941424973696,15969
720575940605099008,720575941392683648,28467
720575940605128576,720575941392353408,21975
720575940605142144,720575941515708928,33549
720575940604450688,720575941352668160,18166
720575940605154048,720575941407485824,18392
720575940605165184,720575941391537664,27349
720575940605169536,720575941406854912,16713
720575940605179904,720575941502712576,44953
720575940605186176,720575941473928192,14558
720575940604878976,720575941352084736,21215
720575940605193728,720575941391868672,11487
720575940605220480,720575941392883328,22237
720575940605223296,720575941408829696,21028
720575940605227264,720575941404813696,16737
720575940605237888,720575941413204608,18215
720575940605251712,720575941402375424,12960
720575940605255040,720575941429234560,19883
720575940605258624,720575941457894272,20407
720575940599458048,720575941391416704,14392
720575940604904192,720575941392302848,27842
720575940605278336,720575941429475072,17482
720575940605280896,720575941404362368,21097
720575940603767936,720575941430657408,19351
720575940605282432,720575941431360000,33266
720575940604404864,720575941351179776,13422
720575940605286016,720575941465661184,31134
720575940605291136,720575941449475456,47157
720575940604179328,720575941390750336,19584
720575940604045440,720575941352364288,16757
720575940604692736,720575941390320640,18375
720575940605300224,720575941550638336,26639
720575940603616768,720575941353475584,24429
720575940603939968,720575941394051968,28746
720575940605315200,720575941430552704,30543
720575940605319296,720575941413070720,26633
720575940605319808,720575941438738432,18224
720575940605274496,720575941407623808,36144
720575940605324160,720575941406275456,14858
720575940604524416,720575941392561536,23772
720575940605332096,720575941392390912,48029
720575940604221312,720575941410671232,25855
720575940604585472,720575941392604032,21189
720575940605354624,720575941480342912,44859
720575940605362944,720575941434698624,29129
720575940605380096,720575941391572736,16791
720575940605382144,720575941565498880,18098
720575940605396864,720575941471086976,17797
720575940605020288,720575941402080256,22647
720575940605411200,720575941450121088,19971
720575940604684160,720575941401496832,19988
720575940605438336,720575941452590464,24375
720575940604988288,720575941408124288,19796
720575940605443456,720575941401516032,47144
720575940605444992,720575941391039232,27970
720575940604721664,720575941428845952,19914
720575940605455104,720575941504873728,13100
720575940605462912,720575941442046976,13224
720575940604151040,720575941514111616,22516
720575940605494272,720575941430150016,40638
720575940605494784,720575941429545600,28649
720575940605501440,720575941406989696,22775
720575940601263488,720575941351388672,15080
720575940604700416,720575941391516928,29728
720575940605508352,720575941391122176,17261
720575940604079488,720575941352906752,14273
720575940605536128,720575941403959936,41355
720575940605304192,720575941352372480,19071
720575940604345600,720575941405891200,20630
720575940605546240,720575941409868416,13928
720575940604812416,720575941391221120,25224
720575940603730176,720575941351478016,18429
720575940605567488,720575941430375424,11465
720575940599729920,720575941393603968,14546
720575940604991616,720575941351173376,17848
720575940605584256,720575941407005440,23155
720575940605589376,720575941414484352,11069
720575940605597824,720575941403223680,56608
720575940603996032,720575941408439552,16122
720575940602885376,720575941350569728,24655
720575940604678912,720575941391024896,37041
720575940604125824,720575941352075520,54944
720575940605622144,720575941399965952,22060
720575940605627008,720575941407259520,17660
720575940604495488,720575941391465472,16552
720575940605630976,720575941392327424,17733
720575940605631104,720575941352077056,14617
720575940605643776,720575941408569216,18893
720575940604249856,720575941351408640,43441
720575940603663232,720575941392989440,26864
720575940605645568,720575941390823808,43309
720575940603435264,720575941351421440,17916
720575940603859328,720575941351427584,45523
720575940604662400,720575941351226112,18930
720575940604804992,720575941392170112,26435
720575940605671808,720575941427728000,17309
720575940604809856,720575941401286144,28493
720575940604493056,720575941393674112,35943
720575940605413376,720575941409351040,25788
720575940605742336,720575941390627200,30317
720575940605749504,720575941439143936,15747
720575940605774208,720575941408671744,35331
720575940605776768,720575941390273792,26327
720575940604763520,720575941352800512,16924
720575940605786112,720575941390725248,16845
720575940605787520,720575941460377728,23258
720575940603792512,720575941352076800,11062
720575940603250816,720575941352598784,17948
720575940605401728,720575941439203968,21002
720575940605825408,720575941447785344,38762
720575940604565248,720575941446820864,14917
720575940604963584,720575941435315840,29494
720575940605834112,720575941404155008,19102
720575940605834240,720575941471032064,23153
720575940605838976,720575941390722688,11045
720575940605839744,720575941407535488,18031
720575940605842048,720575941431140352,14631
720575940604889600,720575941427236480,23166
720575940604521984,720575941392897792,36048
720575940603487488,720575941403195264,21457
720575940599744128,720575941352782336,74535
720575940605857664,720575941392405632,49518
720575940603875584,720575941392018432,22842
720575940605868160,720575941391691264,12663
720575940605870848,720575941466424576,14284
720575940604931200,720575941408491776,23639
720575940604388992,720575941391033984,13688
720575940605882240,720575941446894592,30510
720575940605882496,720575941407409536,20118
720575940604740864,720575941411751296,23902
720575940605888896,720575941431221120,49669
720575940605889792,720575941407499008,16920
720575940605893376,720575941430644864,16585
720575940604877056,720575941407039232,17779
720575940605897728,720575941437850112,28333
720575940603942272,720575941351367936,51550
720575940605907584,720575941393088640,15435
720575940605912960,720575941446801280,30055
720575940605913472,720575941480066304,19334
720575940605915648,720575941456310144,16161
720575940605916032,720575941391723648,27768
720575940605917184,720575941408422272,39009
720575940605932672,720575941400789504,12383
720575940605934976,720575941431271552,33681
720575940605938048,720575941353440256,19771
720575940603676032,720575941392504832,14602
720575940605939584,720575941352359424,71337
720575940605939968,720575941412445312,34042
720575940605942912,720575941401753600,18531
720575940605943808,720575941352907776,16492
720575940605962368,720575941411719296,15767
720575940605977472,720575941409200128,20009
720575940605981824,720575941404949888,14377
720575940603832320,720575941391879168,16681
720575940605989248,720575941392240512,29916
720575940605996160,720575941399264256,44301
720575940606005632,720575941390761856,24157
720575940605804672,720575941352589312,29292
720575940606016256,720575941447416832,14211
720575940606036352,720575941353389568,28672
720575940606042752,720575941461526912,34910
720575940605805568,720575941432179328,33157
720575940605822208,720575941353115392,35813
720575940606058624,720575941438853120,38237
720575940603804672,720575941351676672,24454
720575940605619712,720575941399926016,21551
720575940606080128,720575941392817024,18667
720575940602564352,720575941352881152,15687
720575940606095488,720575941400125184,25140
720575940603773824,720575941411673728,26765
720575940605135488,720575941390858240,34285
720575940604805504,720575941352587008,17242
720575940606123136,720575941403705728,16555
720575940606130816,720575941392986880,31775
720575940603719552,720575941408097792,20545
720575940606139264,720575941427241600,12709
720575940604240256,720575941391563904,37633
720575940605970432,720575941391425536,16999
720575940606166912,720575941360473600,41228
720575940605735296,720575941441514368,19312
720575940604745344,720575941436577536,17127
720575940603739136,720575941353514240,33931
720575940606201216,720575941412176256,14696
720575940606201600,720575941407418880,27153
720575940604074112,720575941498966528,25016
720575940606220928,720575941391968896,13579
720575940606141440,720575941460257792,35715
720575940606236032,720575941412332160,38652
720575940606257536,720575941392728064,17077
720575940603448960,720575941352911872,16398
720575940606279168,720575941408828672,12482
720575940600722304,720575941353490944,35004
720575940605762048,720575941405321344,14791
720575940604646400,720575941414778496,21198
720575940606293888,720575941391870464,13175
720575940606301824,720575941413938944,20638
720575940606333056,720575941391516416,35762
720575940606334336,720575941404960640,15596
720575940606335360,720575941508931840,15940
720575940604772608,720575941391840896,15625
720575940606370560,720575941406820352,30867
720575940605213056,720575941406733568,20222
720575940605174656,720575941392702208,16844
720575940605440768,720575941403708544,21498
720575940604561536,720575941411385984,16748
720575940606398208,720575941478639488,42816
720575940603722368,720575941429793408,47732
720575940605179392,720575941391630464,27174
720575940602353664,720575941391564544,16491
720575940606430336,720575941429599616,37147
720575940604268160,720575941351325184,27627
720575940605960576,720575941352082176,58162
720575940604499968,720575941391958016,27197
720575940606450560,720575941405337984,21505
720575940603233280,720575941392657024,21875
720575940606475520,720575941447921920,21627
720575940604940800,720575941408048256,31531
720575940605145472,720575941406985088,15834
720575940605369984,720575941455088640,66118
720575940606496000,720575941404322688,15954
720575940606496128,720575941431583744,43362
720575940603891968,720575941392594048,20871
720575940605823360,720575941431188480,16177
720575940606517504,720575941429638912,10851
720575940606521216,720575941430869376,12861
720575940606545280,720575941506463872,14351
720575940604247936,720575941403318144,62002
720575940606553344,720575941390193152,17528
720575940604273664,720575941393412992,62524
720575940605572096,720575941391789056,11267
720575940606600576,720575941407049728,15948
720575940606619904,720575941459913856,24779
720575940606180736,720575941392946176,38819
720575940604708864,720575941392868992,14578
720575940606653312,720575941414117760,37607
720575940606655872,720575941390690944,28065
720575940602506240,720575941459104896,48774
720575940606667008,720575941406646144,29051
720575940606671104,720575941453425792,30296
720575940606680704,720575941414101120,12165
720575940605665664,720575941353204224,20045
720575940606683008,720575941590117632,105928
720575940604425728,720575941353394432,24695
720575940604891648,720575941403027584,12699
720575940605523200,720575941414482816,24196
720575940606706304,720575941400484864,36580
720575940604731520,720575941393538944,13691
720575940604332416,720575941451450752,36625
720575940604517760,720575941352998912,28966
720575940597944832,720575941441372160,20305
720575940606737280,720575941410102912,23894
720575940604199552,720575941403520384,21321
720575940604984832,7.20575941367e+17,60210
720575940606760320,720575941441050752,48773
720575940606763008,720575941413414784,31176
720575940606110592,720575941393217152,18570
720575940605790592,720575941445527552,15680
720575940604803968,720575941448003840,24015
720575940606802816,720575941470386048,25630
720575940606806144,720575941392587776,50795
720575940606810624,720575941478755712,19137
720575940606812800,720575941404855424,29458
720575940606819456,720575941402089216,29967
720575940606835456,720575941412961408,18764
720575940604539776,720575941404638336,29082
720575940604337664,720575941411669888,12245
720575940606892672,720575941405899392,23142
720575940602720896,720575941351552768,14428
720575940606919168,720575941475574016,29520
720575940606920064,720575941414843520,17488
720575940606929280,720575941399183872,25813
720575940606937344,720575941410952320,22152
720575940607054720,720575941457435008,19937
720575940607058688,720575941485272832,15573
720575940607090688,720575941415125248,29474
720575940605077248,720575941393309824,33915
720575940607129216,720575941393133184,18347
720575940607135360,720575941411421056,18447
720575940607154816,720575941450217344,39176
720575940607155584,720575941429210752,16496
720575940606677376,720575941439657472,10182
720575940606579456,720575941450216064,19967
720575940600782208,720575941427943040,11581
720575940607202176,720575941400314624,22303
720575940607228672,720575941431995904,22097
720575940603498624,720575941390734848,22450
720575940604500992,720575941431852032,39930
720575940607230464,720575941408646400,21036
720575940604810496,720575941351775744,21298
720575940604836992,720575941509844480,20236
720575940605444864,720575941438735488,28419
720575940606660736,720575941435509760,31405
720575940607278464,720575941432155264,16070
720575940606292480,720575941441500032,29308
720575940605317632,720575941391307648,16501
720575940605107072,720575941352694272,24673
720575940607320192,720575941391756544,50075
720575940607327104,720575941407510656,29399
720575940607330816,720575941400120320,21725
720575940607331968,720575941430659968,28530
720575940607340544,720575941471871872,22330
720575940604693120,720575941350890496,23346
720575940607368192,720575941353211392,18972
720575940607382144,720575941426705024,23679
720575940605758720,720575941411160704,12871
720575940603568768,720575941391679232,21660
720575940607398144,720575941391465728,20541
720575940607399296,720575941431134848,26023
720575940606608000,720575941400757760,18291
720575940607432960,720575941429219200,31542
720575940607438464,720575941352651520,18576
720575940607446656,720575941507699712,26983
720575940602382336,720575941416530432,10381
720575940607466496,720575941427453824,20256
720575940607469696,720575941435479168,11692
720575940605824640,720575941391410560,14753
720575940603084928,720575941353064192,20343
720575940606051456,720575941399595520,11939
720575940606431872,720575941432097408,25495
720575940607244928,720575941400360704,24350
720575940607521152,720575941428400000,13841
720575940607523456,720575941498114048,40123
720575940604054144,720575941411855488,18024
720575940607594240,720575941436473856,19851
720575940607596800,720575941350396416,23697
720575940606236672,720575941392615936,35725
720575940607673984,720575941427971712,21716
720575940605385728,720575941392807424,20820
720575940604941184,720575941412595584,24335
720575940607707264,720575941351174656,27311
720575940604715776,720575941413378176,23481
720575940604217984,720575941405745408,19604
720575940607734144,720575941430196224,25332
720575940607753728,720575941497607040,20805
720575940607757312,720575941414446464,18908
720575940607775104,720575941392178304,20655
720575940607283456,720575941430931712,30078
720575940607815296,720575941438642816,29313
720575940604624000,720575941351118592,15778
720575940607829120,720575941431318912,14476
720575940606056320,720575941412180352,17830
720575940607845888,720575941394072960,31034
720575940607852800,720575941409107328,45400
720575940607862272,720575941504832256,16358
720575940605404544,720575941411727488,36400
720575940605833088,720575941414066560,23823
720575940604340480,720575941351666176,34480
720575940607321472,720575941447940352,15249
720575940607925120,720575941408949632,27255
720575940607935360,720575941451143808,37655
720575940605184896,720575941391170048,21544
720575940607947904,720575941471307136,46030
720575940605914496,720575941401779968,18067
720575940607968512,720575941414097280,26053
720575940606400000,720575941400369920,30001
720575940604955008,720575941391874048,15652
720575940608013184,720575941460158848,33675
720575940608059520,720575941438368512,32263
720575940608062208,720575941410447232,48683
720575940604863872,720575941391354112,21676
720575940608094720,720575941352611840,15555
720575940608129664,720575941392151552,27041
720575940608148480,720575941479176704,24465
720575940608163840,720575941352631552,21588
720575940607720832,720575941393256448,17745
720575940605522176,720575941433440768,13469
720575940603318272,720575941390723072,15223
720575940605709696,720575941535082496,32878
720575940606721792,720575941537510400,42605
720575940605398144,720575941352911616,103892
720575940603943424,720575941352800768,42324
720575940605686912,720575941393034240,24793
720575940608278272,720575941482094464,20536
720575940603605504,720575941405965440,20107
720575940607657344,720575941391253888,27808
720575940605759744,720575941413081472,18888
720575940608324224,720575941442198528,63673
720575940605289856,720575941440521984,16523
720575940605800320,720575941352460032,45524
720575940608366720,720575941399979264,46446
720575940608370688,720575941408653440,26891
720575940608384896,720575941401994240,18147
720575940603331712,720575941391275776,18136
720575940606915840,720575941429767552,26193
720575940608422784,720575941407189760,22245
720575940604607744,720575941458432384,17809
720575940605166976,720575941402440960,23252
720575940608516096,720575941351688192,33512
720575940605432448,720575941455249152,26563
720575940607107840,720575941430889472,19194
720575940608564992,720575941439489536,19679
720575940608570240,720575941412609664,23288
720575940602831360,720575941410354304,16753
720575940608593408,720575941413300864,46120
720575940608595840,720575941491166464,29796
720575940604714240,720575941430816512,30091
720575940605524224,720575941411715968,30702
720575940603713280,720575941462692480,20493
720575940606372736,720575941433462272,13081
720575940607161088,720575941392965632,24218
720575940608759680,720575941450001536,15033
720575940606650368,720575941393311488,31535
720575940607499008,720575941414239360,16675
720575940606063488,720575941444921216,26182
720575940608803072,720575941414364800,45131
720575940608828416,720575941459195136,43041
720575940608838144,720575941431563776,43480
720575940607014528,720575941652552448,30863
720575940608845312,720575941437608960,13619
720575940608857088,720575941412818304,15949
720575940605029888,720575941433466112,54112
720575940603333760,720575941393486208,19252
720575940608891136,720575941435469696,25193
720575940608911488,720575941409031552,36359
720575940608914048,720575941470084352,25770
720575940608921088,720575941495380992,59471
720575940607098112,720575941429482752,33809
720575940608967040,720575941449112448,44825
720575940607132160,720575941400736000,13949
720575940606549376,720575941479380096,39549
720575940604988544,720575941351343360,20428
720575940609077888,720575941450042496,26273
720575940604023936,720575941430544384,33698
720575940607694464,720575941401861888,26487
720575940603397120,720575941407111168,19516
720575940605796992,720575941401148672,14770
720575940609213440,720575941352533504,19116
720575940608975104,720575941400091648,22713
720575940599797120,720575941408220416,68072
720575940608562176,720575941352187136,23373
720575940605098624,720575941393131648,18434
720575940607087232,720575941408475392,23110
720575940606697856,720575941391244544,19477
720575940609289216,720575941441444224,17688
720575940605105536,720575941410166656,36600
720575940605478784,720575941404911488,39257
720575940606158208,720575941412314496,32660
720575940609360640,720575941457108096,42668
720575940603029504,720575941391460736,35102
720575940609364736,720575941414673536,25853
720575940605937792,720575941403855488,15819
720575940609390720,720575941488422912,28335
720575940609392256,720575941353320448,16699
720575940609392768,720575941547951104,39748
720575940604505216,720575941352900352,19466
720575940606443392,720575941352286464,26328
720575940607111936,720575941412593280,18450
720575940606856448,720575941432771456,16028
720575940609463680,720575941515840896,36892
720575940605183616,720575941403213952,56247
720575940609491456,720575941430840448,17401
720575940604147584,720575941401511680,79144
720575940605974144,720575941413889408,31713
720575940607075200,720575941403217792,49999
720575940608135680,720575941512837504,25001
720575940604836096,720575941392800256,25859
720575940605586560,720575941402754432,21317
720575940605760896,720575941442379136,14977
720575940609641344,720575941441742720,23981
720575940609242880,720575941480073984,32075
720575940609685760,720575941411902592,27696
720575940609714176,720575941436428288,44315
720575940605318912,720575941460195840,13361
720575940609344896,720575941448131072,41952
720575940605476992,720575941444953728,26697
720575940603356928,720575941391988352,41695
720575940609794816,720575941391509888,29013
720575940606715136,720575941391478784,49729
720575940603022336,720575941352726784,13243
720575940609834624,720575941393489792,36204
720575940609841664,720575941572468352,30095
720575940605791232,720575941430909056,23723
720575940608236672,720575941535217152,41180
720575940605353088,720575941424948352,14760
720575940603873024,720575941409751680,22003
720575940609910272,720575941414262400,22024
720575940603472896,720575941408671232,17104
720575940609927168,720575941431073408,25591
720575940604924928,720575941437250816,14288
720575940609966848,720575941483550080,33358
720575940607905536,720575941351664640,19384
720575940610012544,720575941431440128,14798
720575940606763136,720575941431188736,21517
720575940608643200,720575941412915840,15726
720575940605737600,720575941401231872,18793
720575940603687040,720575941430894336,22196
720575940607480960,720575941433014272,19780
720575940610072448,720575941498994560,26807
720575940609481216,720575941412573824,20515
720575940610077312,720575941457631488,17171
720575940606096384,720575941438781952,35974
720575940610112128,720575941450202496,16638
720575940608285568,720575941403522176,27729
720575940610121472,720575941408002432,17672
720575940610123776,720575941494911360,59087
720575940609670784,720575941431369344,14337
720575940604782720,720575941412426368,14824
720575940605157888,720575941394073472,21825
720575940609496832,720575941392115712,23275
720575940605407872,720575941391420160,13917
720575940606850688,720575941435254912,28031
720575940609120768,720575941462784896,26553
720575940604104576,720575941415956480,31734
720575940606497152,720575941430218368,28284
720575940610106496,720575941391758720,35901
720575940606168576,720575941401207040,19439
720575940610238464,720575941350413312,19545
720575940608900096,720575941407781760,34501
720575940606986752,720575941352514304,12127
720575940610291328,720575941439899008,27630
720575940607403264,720575941350568448,26980
720575940604903936,720575941393689728,18085
720575940608671360,720575941390313984,24231
720575940608179328,720575941439657984,16211
720575940605137536,720575941351394048,32233
720575940602923008,720575941392348032,20007
720575940610395392,720575941408307072,14724
720575940610405760,720575941450080384,24203
720575940610418304,720575941580806784,37853
720575940607527040,720575941353247488,12029
720575940610432512,720575941416045568,19372
720575940603745024,720575941351717120,31807
720575940610438656,720575941450415488,22669
720575940610454784,720575941439489792,21697
720575940607304320,720575941351040000,31871
720575940610470016,720575941353267712,18878
720575940605000960,720575941481315584,12487
720575940610480768,720575941391122048,23660
720575940604420864,720575941438235392,27463
720575940606212736,720575941408605056,17487
720575940610489728,720575941430184704,22905
720575940603686656,720575941431458816,22691
720575940603117952,720575941439805056,10334
720575940605645952,720575941427912832,33008
720575940610533632,720575941438499072,14614
720575940609942016,720575941413451136,31413
720575940610580608,720575941478118784,31390
720575940607509888,720575941351893504,28116
720575940610604288,720575941411180160,20363
720575940605001728,720575941392903936,30940
720575940604187648,720575941393625472,18919
720575940608368000,720575941426856832,61795
720575940606198016,720575941391468416,25426
720575940610640384,720575941444913024,20955
720575940606508672,720575941455704320,38146
720575940602917120,720575941414166144,19657
720575940605706112,720575941494699648,30167
720575940605846912,720575941353147392,19897
720575940609956608,720575941408674944,32386
720575940610724864,720575941426935168,28696
720575940610725888,720575941414558336,24374
720575940610758272,720575941407172608,20120
720575940605889280,720575941403576704,25356
720575940609276544,720575941439900288,26124
720575940605847168,720575941437191168,16949
720575940604114560,720575941400710400,32730
720575940605575040,720575941400990976,17824
720575940605929216,720575941391527680,17714
720575940605426560,720575941399323648,28127
720575940604267648,720575941436784896,29188
720575940610897792,720575941449685632,26873
720575940608910080,720575941435404928,16602
720575940610934400,720575941434529280,29105
720575940605620864,720575941353337088,20840
720575940610945664,720575941449491840,31548
720575940602430976,720575941406742400,36527
720575940610961536,720575941414188160,15746
720575940610985472,720575941438839168,20461
720575940609647872,720575941407385344,23551
720575940611007872,720575941412936320,30829
720575940604087168,720575941406704768,28141
720575940604607616,720575941351357184,56358
720575940603622784,720575941497264768,28620
720575940609289344,720575941477668352,24863
720575940611083392,720575941449948800,26428
720575940609528704,720575941437233408,28369
720575940606739584,720575941439768576,33957
720575940608305152,720575941353157120,35287
720575940611122304,720575941471909376,29016
720575940603596928,720575941406060928,27494
720575940611130112,720575941452503680,21953
720575940611160320,720575941441509632,12741
720575940605635968,720575941404475008,32119
720575940611174400,720575941506514816,28721
720575940605456512,720575941433386368,37985
720575940605028352,720575941408573056,22556
720575940611189504,720575941351882496,27959
720575940611203328,720575941413185152,23135
720575940611205120,720575941592052096,17363
720575940607521408,720575941431033728,18243
720575940606845952,720575941409939072,10150
720575940609171584,720575941391777536,25211
720575940605905792,720575941432280320,19011
720575940603176064,720575941352458752,29056
720575940611294592,720575941475150464,13247
720575940606817792,720575941447691904,17125
720575940605465216,720575941413677184,18184
720575940604614016,720575941351436288,91614
720575940608515968,720575941473700480,20593
720575940611365120,720575941414303360,30465
720575940600646144,720575941411300736,10478
720575940611202944,720575941405850624,19806
720575940609433344,720575941431340416,47873
720575940603693184,720575941405745920,15111
720575940610580352,720575941485196800,20713
720575940611486080,720575941402112512,15797
720575940606737792,720575941353267968,25510
720575940607936128,720575941440892032,44312
720575940610772224,720575941484452736,34741
720575940603565824,720575941401068800,34492
720575940611098752,720575941352637184,30930
720575940602974720,720575941402227584,23362
720575940611572096,720575941413459328,43506
720575940603957632,720575941435853056,28655
720575940604889088,720575941412616320,21847
720575940611597440,720575941533290368,44347
720575940606098432,720575941402206464,45702
720575940604838400,720575941409187968,23978
720575940610984576,720575941427817088,14622
720575940611684736,720575941668609536,534037
720575940610535552,720575941392918784,15993
720575940605937280,720575941453962240,27133
720575940605550464,720575941408581632,18230
720575940611740800,720575941391235328,22401
720575940604671232,720575941351710976,28267
720575940607307264,720575941431257984,21041
720575940606159744,720575941415995648,27245
720575940611770624,720575941478103168,16963
720575940611783296,720575941401773056,19520
720575940611784576,720575941410754432,30866
720575940611208064,720575941438686592,17682
720575940602132480,720575941407788160,11151
720575940605184128,720575941351392000,18048
720575940605124480,720575941409774720,18567
720575940608986112,720575941408422016,58369
720575940611844480,720575941532265088,16041
720575940611849344,720575941402006784,24766
720575940603274240,720575941408784256,21713
720575940611675520,720575941595567872,29540
720575940611863168,720575941412570240,27047
720575940611778304,720575941590154240,22400
720575940611882752,720575941450276224,23861
720575940610578816,720575941617711872,37667
720575940611905024,720575941453258496,38806
720575940603408640,720575941351429888,38332
720575940609328896,720575941410431616,37022
720575940611913216,720575941454923264,23290
720575940606921216,720575941411456896,14312
720575940611930368,720575941412623232,35327
720575940611941888,720575941414496128,39101
720575940610867712,720575941414126720,28354
720575940612007040,720575941446030592,59695
720575940612031744,720575941449093760,62848
720575940605919360,720575941430005888,33092
720575940605783424,720575941409186176,20133
720575940608555904,720575941411248768,19916
720575940606041472,720575941451335296,13373
720575940610865536,720575941551029760,23740
720575940607926272,720575941472847744,19067
720575940603272064,720575941412692096,20526
720575940607575040,720575941391127936,28085
720575940606298752,720575941351323392,20295
720575940604837376,720575941414207360,14189
720575940603683456,720575941390920448,17761
720575940608606592,720575941390400256,23625
720575940612016512,720575941436900352,21083
720575940607340032,720575941393358720,11574
720575940606745984,720575941391172608,27517
720575940608677888,720575941671764608,40098
720575940605702016,720575941408514688,16223
720575940611295744,720575941441933312,26341
720575940612247936,720575941391990528,45982
720575940607820032,720575941415800064,38614
720575940603548672,720575941448572544,33082
720575940605182464,720575941408419328,42174
720575940603153024,720575941352675840,42426
720575940612322432,720575941497191552,12584
720575940608090112,720575941441516416,75426
720575940606462208,720575941432342272,28121
720575940609758464,720575941430008192,50186
720575940612382592,720575941477229824,39525
720575940612387456,720575941353129216,36444
720575940612397184,720575941435317120,16257
720575940611646720,720575941411198592,24055
720575940612320512,720575941392847360,40460
720575940603453568,720575941409103616,34336
720575940605867904,720575941400213248,39139
720575940604615040,720575941414715008,18089
720575940610279040,720575941413952512,30461
720575940612492672,720575941408534656,23332
720575940606682880,720575941391446784,17321
720575940612504832,720575941353175040,18220
720575940606471296,720575941500131456,79734
720575940606515840,720575941351123712,24233
720575940610413440,720575941392351744,31118
720575940605718144,720575941438548864,18018
720575940607334144,720575941414584448,15215
720575940608026368,720575941459750912,23279
720575940604722304,720575941451728256,21452
720575940604851968,720575941392874880,19741
720575940603763712,720575941351260160,16660
720575940612553984,720575941431345152,17581
720575940612556672,720575941430124288,19211
720575940612316800,720575941429989376,26969
720575940604694912,720575941429685376,21107
720575940604612224,720575941402233984,37630
720575940612592640,720575941459028864,32872
720575940612600320,720575941447898368,25462
720575940612616320,720575941453192576,26585
720575940606051968,720575941431146112,22593
720575940606918912,720575941438390400,18120
720575940605110016,720575941352556032,13505
720575940607805056,720575941430602752,17737
720575940612670336,720575941439224832,22645
720575940607227264,720575941390688128,33501
720575940603077632,720575941482029312,28707
720575940608407296,720575941352223232,10509
720575940608373760,720575941477858432,27781
720575940604125056,720575941405473280,19819
720575940605426048,720575941353395712,47641
720575940610739456,720575941488207360,30240
720575940606244992,720575941402543744,15799
720575940612773632,720575941466660224,22953
720575940606300800,720575941392697216,25991
720575940612822016,720575941432022912,19274
720575940612824960,720575941438659968,26693
720575940603853824,720575941431595136,21364
720575940612855168,720575941451967872,12199
720575940602618880,720575941479893376,29535
720575940607929344,720575941413902592,20771
720575940612910336,720575941440354688,25078
720575940612917120,720575941516230912,18178
720575940612923904,720575941451965056,23700
720575940606407680,720575941482208896,40945
720575940608239360,720575941432518144,22551
720575940609320064,720575941476577536,55537
720575940612939776,720575941413871360,91348
720575940612779648,720575941435419776,37095
720575940612946048,720575941393068928,11084
720575940612343168,720575941432074752,27234
720575940605884288,720575941477298944,27159
720575940605617280,720575941391038336,32450
720575940605700992,720575941439821184,30394
720575940613008000,720575941352088576,34379
720575940609777536,720575941416747008,25876
720575940605995776,720575941353402880,11328
720575940613030144,720575941491452928,17078
720575940613036672,720575941459255680,15705
720575940613037568,720575941404272000,26195
720575940607415168,720575941433048064,16021
720575940611383296,720575941408613888,11235
720575940605886208,720575941408456064,30448
720575940613120640,720575941500595072,24247
720575940604861312,720575941351665664,36823
720575940604839040,720575941499101568,29975
720575940607437824,720575941352236288,14151
720575940607268096,720575941410061184,31023
720575940605552768,720575941391811072,22588
720575940603461504,720575941408795904,67319
720575940610879872,720575941437152512,24772
720575940608337792,720575941481060736,21477
720575940613236096,720575941472025856,22371
720575940607509120,720575941447813632,30735
720575940604064896,720575941402045952,40396
720575940611817984,7.20575941414e+17,21326
720575940605738240,720575941414389120,41965
720575940611307648,720575941392039552,20167
720575940603688192,720575941404758400,24359
720575940605777280,720575941400978176,22547
720575940610423552,720575941391682048,28740
720575940604866432,720575941350441216,12790
720575940605538176,720575941400997376,17497
720575940604692352,720575941401992704,27016
720575940608915200,720575941489746176,20129
720575940607174144,720575941479146368,12116
720575940613387008,720575941393721216,29635
720575940612379648,720575941551102720,16698
720575940605683072,720575941393715584,26330
720575940613004672,720575941496177280,59538
720575940613434240,720575941408961408,16522
720575940604986624,720575941435921152,25616
720575940613473024,720575941411223168,26675
720575940611249664,720575941436027648,34487
720575940606867200,720575941439084032,29087
720575940612321664,720575941447161344,41235
720575940613520384,720575941451763840,14488
720575940603266560,720575941352669440,22022
720575940607959936,720575941441390976,19307
720575940609717120,720575941407564928,27474
720575940606029568,720575941405215872,34093
720575940603938176,720575941393735808,31161
720575940604818176,720575941390632320,35560
720575940604968064,720575941399546368,38036
720575940611351552,720575941441612416,28029
720575940613634688,720575941480889472,47425
720575940608828160,720575941441129984,17807
720575940613644032,720575941463832832,27505
720575940613660032,720575941405859584,21258
720575940613549440,720575941471781120,20745
720575940604250240,720575941430087552,37145
720575940605128832,720575941415036672,49568
720575940604712064,720575941352678144,20941
720575940605423232,720575941391926016,20393
720575940613765120,720575941438520576,11243
720575940613604608,720575941475534592,40476
720575940605299840,720575941414279296,20278
720575940606632192,720575941458353408,25150
720575940612625408,720575941353391104,26655
720575940604589824,720575941474445312,17372
720575940613877376,720575941445210752,14025
720575940613916800,720575941400698368,61073
720575940609948288,720575941406473984,19571
720575940611839872,720575941445163776,19293
720575940607862784,720575941402085120,13046
720575940613978112,720575941479171200,42600
720575940603549184,720575941427813248,23637
720575940603409664,720575941351438336,27888
720575940606694784,720575941499036544,28478
720575940610069504,720575941499200640,27721
720575940606700672,720575941484383872,40652
720575940610554496,720575941408604032,22179
720575940604323968,720575941408686720,27345
720575940614164608,720575941477140224,25188
720575940610370304,720575941452276352,19489
720575940614177280,720575941352965888,30953
720575940605321088,720575941557314560,17406
720575940614205568,720575941432383872,25941
720575940614212480,720575941570119680,33177
720575940606097024,720575941350427648,17084
720575940607673728,720575941441299840,28414
720575940614228992,720575941402468864,42298
720575940603889024,720575941408788992,26057
720575940604654080,720575941351441152,34894
720575940613843456,720575941391803136,22073
720575940614254080,720575941505875840,39088
720575940605844864,720575941405820416,21944
720575940614281472,720575941501897984,56054
720575940610903296,720575941429974784,24634
720575940614295296,720575941432051200,42057
720575940614299904,720575941475562496,18451
720575940614315264,720575941390268160,39201
720575940605524992,720575941413384832,67134
720575940608839808,720575941412053376,12369
720575940611375104,720575941390420992,11000
720575940604590080,720575941411550336,60186
720575940614397312,720575941414897024,21711
720575940611583872,720575941457985664,18311
720575940604728064,720575941499006464,30384
720575940612912128,720575941408386560,14980
720575940610460544,720575941436729856,36085
720575940614557696,720575941405833216,26383
720575940611388160,720575941500955136,32040
720575940614574080,720575941487815424,19618
720575940606834688,720575941591287680,42876
720575940611339520,720575941730766848,23686
720575940605837056,720575941448243840,23954
720575940610386688,720575941491910656,14745
720575940603609856,720575941514279936,39175
720575940606297728,720575941408441216,20921
720575940614669824,720575941352904448,94122
720575940606208768,720575941352756992,26815
720575940605418624,720575941393653120,19448
720575940605298176,720575941435387136,39640
720575940609496576,720575941352535040,40593
720575940609243648,720575941469906688,19772
720575940603314176,720575941414088576,27985
720575940614761472,720575941412673408,16797
720575940614782080,720575941439519616,83050
720575940608945152,720575941447805952,10757
720575940614604544,720575941564966784,20844
720575940605313664,720575941483869824,37947
720575940608002304,720575941469722496,34381
720575940606432640,720575941416631808,22984
720575940609327872,720575941486250752,21311
720575940611724672,720575941407931136,21100
720575940609775104,720575941448753792,19506
720575940614915584,720575941448602496,33262
720575940606628224,720575941407274112,15609
720575940610631680,720575941417244928,13052
720575940608283136,720575941409747072,15706
720575940608223744,720575941491211520,25852
720575940608305792,720575941479595776,22619
720575940610002048,720575941429128320,18772
720575940609530624,720575941391652736,68826
720575940615015424,720575941433996032,23567
720575940611440768,720575941405863808,24575
720575940605667456,720575941401508096,28710
720575940606706048,720575941414258048,21482
720575940605678336,720575941351483648,62486
720575940607606272,720575941408318848,26168
720575940605809792,720575941404826496,35230
720575940610116992,720575941468966656,24788
720575940604174848,720575941400313856,20641
720575940607893248,720575941408001536,17722
720575940606077312,720575941408082816,25015
720575940612249472,720575941441151872,22145
720575940605072768,720575941352445696,17495
720575940615176960,720575941352552192,22126
720575940608746624,720575941392001792,14902
720575940603979520,720575941435625472,20091
720575940615237120,720575941440563328,30018
720575940604568576,720575941404461184,13609
720575940608929792,720575941460902400,15478
720575940608883456,720575941481138176,26069
720575940611697408,720575941456231296,24073
720575940606824832,720575941494330752,37909
720575940604481920,720575941440146048,21112
720575940615346688,720575941431066240,31266
720575940606050176,720575941447938560,15529
720575940605180800,720575941433498624,19145
720575940607344256,720575941409126528,43079
720575940607778816,720575941440507520,23468
720575940608732416,720575941432459520,30985
720575940609713536,720575941353261312,25728
720575940606136960,720575941565675648,21486
720575940605917056,720575941402129024,13321
720575940606336256,720575941603759744,42556
720575940605836160,720575941407364608,14116
720575940605878400,720575941392186880,12260
720575940615695232,720575941431435264,18983
720575940602944000,720575941475276032,23301
720575940605912192,720575941414183040,17675
720575940615811840,720575941408580480,35694
720575940613615616,720575941415192576,21509
720575940607781120,720575941393414528,27892
720575940611845632,720575941350471424,24360
720575940615895680,720575941504463872,17287
720575940604727296,720575941416771328,15374
720575940613233920,720575941408316800,12626
720575940615991424,720575941447700352,27531
720575940609264128,720575941469983488,36068
720575940604008704,720575941393735040,32034
720575940607027200,720575941350440960,40361
720575940603507328,720575941476978944,22317
720575940605197696,720575941350979328,29615
720575940616085888,720575941432162176,18797
720575940607930880,720575941429194624,19056
720575940616134912,720575941393489280,42492
720575940616149760,720575941572074112,26752
720575940616176896,720575941479183104,71640
720575940604191232,720575941393322752,80872
720575940605302912,720575941538877184,25381
720575940614621440,720575941402948480,27371
720575940616336896,720575941508023680,27854
720575940606661888,720575941504797440,18883
720575940606066304,720575941407360512,27136
720575940603240832,720575941414627456,22293
720575940607553280,720575941350424064,28027
720575940605934080,720575941491475968,16664
720575940616412160,720575941456801280,37649
720575940616415616,720575941473927168,35634
720575940604940672,720575941435350400,18682
720575940614782464,720575941499027200,38483
720575940609277696,720575941413098880,28218
720575940611750784,720575941550174848,35934
720575940614953984,720575941453374848,17479
720575940605501184,720575941454038016,16098
720575940605976576,720575941392855424,38207
720575940612815488,720575941412736896,17385
720575940615234048,720575941458707200,17696
720575940602444544,720575941391879936,50154
720575940610303744,720575941434483072,26640
720575940604929920,720575941408840960,20294
720575940616638848,720575941469795072,58149
720575940606654336,720575941572407680,28817
720575940603391360,720575941436378880,26474
720575940614785280,720575941469276800,30278
720575940616776192,720575941409672320,39979
720575940616780416,720575941411440000,29614
720575940605364352,720575941408322560,20933
720575940609473664,720575941392695936,16391
720575940603948672,720575941351446528,39192
720575940616866432,720575941425611904,25314
720575940607040896,720575941438735616,26509
720575940607944320,720575941352725760,23872
720575940616922624,720575941526605824,32304
720575940616546304,720575941431189632,13990
720575940607284992,720575941610265216,20367
720575940609420032,720575941415484672,25827
720575940607174528,720575941439747712,10640
720575940609601536,720575941500540032,30801
720575940603751808,720575941350528512,18510
720575940607701504,720575941393195008,24551
720575940612120832,720575941522654976,46052
720575940612433280,720575941431395840,31945
720575940614273920,720575941414284416,24038
720575940606502272,720575941454020096,29507
720575940608513408,720575941392949632,13558
720575940609486848,720575941459696128,58334
720575940617201536,720575941577514112,21169
720575940604398848,720575941513914880,13525
720575940604973568,720575941402864256,11777
720575940612589696,720575941410243456,12350
720575940611938432,720575941449238400,15060
720575940605527424,720575941392153600,40071
720575940613347840,720575941435787008,41778
720575940605490816,720575941519182464,28528
720575940617369728,720575941351909632,24678
720575940611520768,720575941436313856,28396
720575940617401600,720575941429541632,20444
720575940605852032,720575941414559104,27525
720575940617426304,720575941453530752,40858
720575940607191296,720575941353082624,51139
720575940604894464,720575941391183104,26948
720575940607106816,720575941438471168,34887
720575940610918528,720575941459390208,32303
720575940612487552,720575941353103872,75342
720575940603842944,720575941407711360,25824
720575940607967232,720575941495522944,20646
720575940604243840,720575941391163136,14431
720575940608950656,720575941391912832,18154
720575940603964800,720575941441826432,17705
720575940611401088,720575941433324032,29559
720575940606646912,720575941408618752,20947
720575940609558144,720575941480308992,27925
720575940611297664,720575941432466048,21027
720575940615696512,720575941507885696,20277
720575940612880000,720575941392176384,27158
720575940614793088,720575941452913792,27008
720575940604579456,720575941630453248,38827
720575940611448192,720575941428370816,12969
720575940606257024,720575941431826176,26129
720575940611275520,720575941430486272,27747
720575940611952128,720575941628262912,48680
720575940610828160,720575941414180992,22710
720575940608156288,720575941442098688,10947
720575940609363968,720575941441232512,32899
720575940605341184,720575941430321920,26026
720575940613544320,720575941440827008,20729
720575940611187584,720575941508293376,31515
720575940608964352,720575941407195904,35583
720575940617830784,720575941525676800,15122
720575940610585344,720575941492841088,30786
720575940613428224,720575941407975424,20385
720575940606992384,720575941350482944,28562
720575940608587008,720575941474569216,16254
720575940617972608,720575941625632896,17494
720575940607041024,720575941505689600,25242
720575940604967296,720575941505738112,15312
720575940618013696,720575941534990976,14848
720575940605739776,720575941391489792,17622
720575940618050816,720575941458448128,19633
720575940618055552,720575941564546816,33834
720575940618058240,720575941433279744,29882
720575940618098048,720575941410371712,58922
720575940612216960,720575941464413312,20125
720575940616300160,720575941413958144,20272
720575940618148736,720575941564687616,19964
720575940612433920,720575941405213056,26503
720575940608341760,720575941351912448,19728
720575940607123584,720575941637710720,19475
720575940607107328,720575941401075712,15082
720575940604923008,720575941432119936,30827
720575940615530112,720575941435470464,70888
720575940607520768,720575941431455488,12655
720575940605810432,720575941403558016,33836
720575940610488192,720575941390976384,20547
720575940610185216,720575941412777856,38820
720575940611118080,720575941616532480,28371
720575940617297920,720575941405855104,25803
720575940618599936,720575941514086272,18009
720575940605435008,720575941414534144,18806
720575940618649984,720575941613632896,536871
720575940618650624,720575941475630080,23581
720575940611720320,720575941495147776,20821
720575940614016512,720575941441867648,17009
720575940618734080,720575941514734976,19972
720575940618745856,720575941506480768,23257
720575940605479040,720575941351470080,46410
720575940609104640,720575941514064000,11408
720575940609330048,720575941415224320,49191
720575940618833792,720575941470395904,37291
720575940605335936,720575941449646720,16926
720575940618875904,720575941581386112,38461
720575940606143360,720575941626260864,19962
720575940618951040,720575941432818560,22278
720575940615697280,720575941452551552,21889
720575940606401920,720575941411846016,83030
720575940612196608,720575941432523520,15875
720575940609314304,720575941399517440,38905
720575940608193408,720575941406724480,17740
720575940607152128,720575941391252608,43606
720575940619065344,720575941506470400,18408
720575940610507776,720575941406668928,66753
720575940605417984,720575941470188800,20589
720575940616016384,720575941456667392,26995
720575940605920512,720575941406195840,26093
720575940610170496,720575941456101504,26898
720575940614430080,720575941431072128,36415
720575940607941248,720575941448601216,10438
720575940606168832,720575941392954880,35118
720575940607365888,720575941435542912,24586
720575940604009088,720575941411885440,29382
720575940607368320,720575941645564928,14613
720575940607473024,720575941438594816,23479
720575940613039616,720575941350395904,18569
720575940603820672,720575941441693568,15620
720575940605380224,720575941409927808,16147
720575940606447488,720575941477795712,24446
720575940610739840,720575941468683520,15233
720575940612869376,720575941439748480,25141
720575940605971328,720575941430837504,14591
720575940612502272,720575941392178816,37349
720575940619718272,720575941568302080,26803
720575940617032704,720575941435272576,10946
720575940606423168,720575941429512192,18649
720575940611538176,720575941431509760,19335
720575940606611968,720575941392759296,36699
720575940611881344,720575941411222656,19974
720575940610659712,720575941412733056,18532
720575940615539840,720575941487829760,10534
720575940613587968,720575941411184000,19186
720575940608501376,720575941475583744,32523
720575940612541184,720575941440728064,36978
720575940619880704,720575941481180672,51749
720575940619564672,720575941414919552,20507
720575940620006144,720575941464372224,55300
720575940606337024,720575941392408576,24496
720575940611180032,720575941405334400,17674
720575940604914304,720575941487116160,15695
720575940620085760,720575941435917312,25726
720575940605252096,720575941428755840,23917
720575940611849856,720575941498406784,40203
720575940605075584,720575941391948032,21622
720575940615537280,720575941475258880,13739
720575940610261248,720575941459616128,17431
720575940606118272,720575941426929024,23404
720575940615134592,720575941453047296,40603
720575940612336128,720575941529819776,23984
720575940606173568,720575941411208832,30392
720575940606198528,720575941480793728,35895
720575940618407296,720575941437444864,21177
720575940612984960,720575941451685760,35597
720575940605980288,720575941392876032,23217
720575940614319232,720575941401786368,16754
720575940602784000,720575941393659776,17794
720575940620167936,720575941452731520,37129
720575940603438976,720575941352804096,65952
720575940605419904,720575941474791680,14776
720575940608376192,720575941526870528,19946
720575940617755264,720575941450020224,48658
720575940611858944,720575941461393280,18361
720575940605393920,720575941394045312,12080
720575940605363584,720575941474750464,35688
720575940605024384,720575941445139456,15556
720575940610303872,720575941488505088,53120
720575940620452608,720575941427600000,29062
720575940606759552,720575941611966464,12846
720575940609617408,720575941353164544,30406
720575940605093248,720575941392070528,28846
720575940606233984,720575941404904064,28133
720575940607029504,720575941438700416,26242
720575940605344384,720575941471668224,20598
720575940607613696,720575941476973312,41188
720575940611439616,720575941405666304,12701
720575940606441088,720575941391589376,18357
720575940607180416,720575941353418240,17042
720575940612100352,720575941399042816,19198
720575940604091264,720575941350604288,80568
720575940611938048,720575941435476608,19813
720575940610382720,720575941353319680,25154
720575940610261504,720575941401710848,24667
720575940605720448,720575941536388864,27735
720575940619969280,720575941539187072,32502
720575940606154368,720575941408487424,46440
720575940609073536,720575941411985536,64507
720575940620818048,720575941441508736,14417
720575940609826176,720575941425003648,22201
720575940608183424,720575941454817280,26385
720575940620900224,720575941438483456,14875
720575940620901760,720575941477326848,15547
720575940609725952,720575941470254336,31020
720575940615550848,720575941414507648,18487
720575940612218112,720575941404390016,34596
720575940604888448,720575941411805312,28447
720575940617760640,720575941414555520,20702
720575940621092608,720575941415148288,29066
720575940612208768,720575941430020096,13660
720575940605694208,720575941436112128,38301
720575940621132416,720575941438381568,12211
720575940609263616,720575941555222784,27917
720575940606761216,720575941479593984,37345
720575940613059840,720575941437759744,27293
720575940618089600,720575941497310080,24343
720575940614354176,720575941437158912,28644
720575940621244032,720575941453238144,22102
720575940620948992,720575941592973568,64046
720575940618173824,720575941442202752,42028
720575940610274048,720575941447800192,19874
720575940621266688,720575941564670592,14557
720575940612306816,720575941459040384,19055
720575940617751040,720575941481181696,26335
720575940612272384,720575941450945920,13262
720575940611775744,720575941409951872,21749
720575940611843712,720575941573474816,20362
720575940606126976,720575941430591616,10793
720575940605655808,720575941527270656,23028
720575940616450304,720575941513121920,33460
720575940605514240,720575941413107072,40529
720575940621486080,720575941558281984,11866
720575940621490688,720575941515345152,19450
720575940605565824,720575941410589824,42511
720575940612196864,720575941449501312,16293
720575940619767168,720575941411846528,28324
720575940605813120,720575941351471104,11811
720575940612521216,720575941392249984,17358
720575940604725632,720575941498258560,27436
720575940609125632,720575941535275136,10043
720575940605002752,720575941392509696,56219
720575940605648000,720575941469642240,24987
720575940621665664,720575941412539520,43250
720575940613936768,720575941411343488,18528
720575940606641664,720575941353327872,63170
720575940600622976,720575941404307072,29106
720575940607114624,720575941407266688,36168
720575940613469568,720575941407465856,47274
720575940617433344,720575941486644352,23645
720575940613586560,720575941523327744,31774
720575940607837696,720575941407718400,27930
720575940605151872,720575941488583424,29289
720575940609782272,720575941352320512,92255
720575940610909824,720575941572859008,25586
720575940616117760,720575941447815680,12473
720575940621846784,720575941439143424,31574
720575940621859328,720575941430200192,21094
720575940605100288,720575941391464192,21168
720575940612279680,720575941423472128,49713
720575940611509888,720575941578735360,30183
720575940621972992,720575941432256000,17145
720575940622010752,720575941463572224,18326
720575940620671616,720575941437904128,24087
720575940611905280,720575941406871168,37871
720575940616669952,720575941432567552,20753
720575940622108672,720575941353031680,20499
720575940605688576,720575941433029376,22046
720575940614320512,720575941459542400,13426
720575940622198272,720575941393488768,24053
720575940607874304,720575941441213568,25553
720575940609387264,720575941406568448,28782
720575940603672064,720575941352917248,15471
720575940607238784,720575941439120640,16831
720575940611564928,720575941407907200,18599
720575940622459392,720575941436671744,49375
720575940608268288,720575941440736000,15154
720575940606684288,720575941408132224,32819
720575940618430976,720575941526832000,28316
720575940603667840,720575941392752384,31963
720575940605001216,720575941392231936,21445
720575940612845952,720575941413872896,14870
720575940604018176,720575941391230208,19485
720575940621409408,720575941565348096,27363
720575940613894400,720575941477022464,19261
720575940612547456,720575941411840896,16318
720575940610822272,720575941430041728,14295
720575940605005312,720575941429473536,20322
720575940612049408,720575941411210624,10634
720575940622754048,720575941514559616,24391
720575940622785792,720575941439263872,35544
720575940603383040,720575941531523072,11683
720575940607839232,720575941496667264,20288
720575940620455680,720575941432377088,23715
720575940622932864,720575941546449536,17470
720575940605429888,720575941439493760,26710
720575940606766848,720575941499737216,21732
720575940608694016,720575941429532160,24412
720575940617842176,720575941508518784,10235
720575940612105088,720575941430810240,21777
720575940623118080,720575941491974656,70877
720575940607476224,720575941483763584,25484
720575940611573376,720575941474832384,14286
720575940620872448,720575941409811584,50794
720575940617503360,720575941411447424,29662
720575940616070272,720575941529877504,12879
720575940619166720,720575941462375936,29218
720575940613149696,720575941456823552,30728
720575940621791616,720575941446820608,72405
720575940599333632,720575941462826624,35079
720575940603919488,720575941414652160,24917
720575940604435072,720575941481068032,25231
720575940622226560,720575941502909952,25299
720575940610669952,720575941515800064,14570
720575940609482240,720575941407705600,41773
720575940611939328,720575941474781696,21166
720575940607213824,720575941403445632,20173
720575940612704256,720575941485819264,26984
720575940621515392,720575941434967040,16711
720575940619686656,720575941491356672,11605
720575940623776768,720575941565648768,24631
720575940618540288,720575941464108800,14345
720575940607522176,720575941410907776,16073
720575940610215808,720575941432255488,56517
720575940606272768,720575941410728320,16197
720575940623852928,720575941542911232,13543
720575940623882880,720575941565382016,24579
720575940616522752,720575941474026624,12775
720575940607020928,720575941461248256,14166
720575940609934336,720575941429544960,52345
720575940610241664,720575941441245312,32411
720575940602920320,720575941409831040,34378
720575940609633536,720575941456025088,26817
720575940606621056,720575941392424576,16039
720575940624085888,720575941459004672,44396
720575940621307520,720575941531631616,12991
720575940608237824,720575941432609024,34674
720575940611401728,720575941415926528,29350
720575940603708288,720575941352199424,34338
720575940624135296,720575941534153600,16867
720575940618521216,720575941458267648,18265
720575940605668992,720575941548867840,19956
720575940622177664,720575941466292096,15270
720575940607805440,720575941414617856,28382
720575940608607616,720575941469925120,18624
720575940604484480,720575941449141120,35606
720575940604749696,720575941351040256,13701
720575940617499264,720575941642561152,16116
720575940607590272,720575941468299264,36403
720575940607888128,720575941393912192,15174
720575940612195712,720575941479852288,20473
720575940606406016,720575941408698752,14921
720575940606470272,720575941432409088,19493
720575940618054400,720575941460026240,16118
720575940602619264,720575941350455296,55395
720575940615924096,720575941393683328,32918
720575940609061120,720575941393004672,58771
720575940607579264,720575941392706304,17597
720575940607365120,720575941400703232,21430
720575940610656768,720575941351188992,17692
720575940619588608,720575941525163392,19993
720575940621097984,720575941439029888,18462
720575940606436352,720575941390292992,17483
720575940615942912,720575941437523840,26707
720575940610208384,720575941449307776,43890
720575940613430656,720575941521136256,18196
720575940610283008,720575941438534912,15938
720575940605394944,720575941444469632,37980
720575940623274880,720575941465467520,24047
720575940606336896,720575941437574656,11748
720575940613337088,720575941429347456,26246
720575940605829248,720575941408480768,27598
720575940603870336,720575941469657344,58653
720575940605353600,720575941437235712,28569
720575940625018112,720575941352268544,22479
720575940604722560,720575941430516736,38015
720575940607098880,720575941431157376,16281
720575940615823488,720575941391018240,30349
720575940615691392,720575941450196096,20838
720575940611576960,720575941441873152,19278
720575940609444096,720575941432905984,21776
720575940608201600,720575941412851840,22930
720575940609124864,720575941434475520,11662
720575940614354432,720575941438016000,13702
720575940605037952,720575941438497920,14125
720575940607100416,720575941391484928,17575
720575940615603072,720575941542634624,39195
720575940603829888,720575941460930048,27667
720575940616652672,720575941531292160,18053
720575940616048640,720575941447052416,19517
720575940610809088,720575941430136960,40953
720575940608663296,720575941626142976,39800
720575940625515776,720575941452875904,12793
720575940608865024,720575941452092544,31844
720575940609984896,720575941409700992,31890
720575940608523648,720575941391853568,60412
720575940606765696,720575941533343616,23244
720575940604014464,720575941576660864,16351
720575940616389888,720575941413466496,29981
720575940607397120,720575941448009472,19712
720575940612949376,720575941431616256,15043
720575940608850432,720575941433089920,24043
720575940606591872,720575941474844416,12065
720575940611049856,720575941506292608,57760
720575940609801216,720575941407721856,14855
720575940610550784,720575941450001792,17914
720575940621014272,720575941417243136,21586
720575940621042944,720575941482324736,23558
720575940603924480,720575941403537792,40687
720575940609619712,720575941453036672,18014
720575940610933504,720575941411438208,14515
720575940615006976,720575941405186944,25201
720575940606800256,720575941414688000,35871
720575940619250304,720575941569014528,25197
720575940607313792,720575941508390144,16454
720575940626354048,720575941412846976,27605
720575940613029504,720575941463786752,29870
720575940613241472,720575941490110464,16547
720575940623904896,720575941578502784,14214
720575940608316800,720575941441507968,26035
720575940607001472,720575941479178240,16483
720575940607848192,720575941490928384,32975
720575940617726208,720575941448411008,19360
720575940603714304,720575941450569344,45500
720575940607090304,720575941392567168,89123
720575940607874816,720575941408788608,20861
720575940608702464,720575941404913280,26044
720575940624434688,720575941444074880,12381
720575940605328896,720575941463918592,25535
720575940621352576,720575941433860096,40356
720575940622138624,720575941652006912,13141
720575940620012288,720575941513120384,22158
720575940605200512,720575941408824448,32629
720575940618941056,720575941446483968,62671
720575940616359168,720575941549469312,33967
720575940603235456,720575941390135040,22889
720575940614132096,720575941436293888,18518
720575940606933632,720575941441863296,28328
720575940603795072,720575941452152960,25064
720575940624997632,720575941408270336,14999
720575940617539328,720575941491446656,18842
720575940613193984,720575941459169408,40998
720575940617451264,720575941523215616,11717
720575940604808704,720575941439463936,17875
720575940605361792,720575941427725440,80342
720575940608683520,720575941580155136,35645
720575940609915264,720575941429095424,40556
720575940605928064,720575941437693952,58314
720575940619048320,720575941486123648,42768
720575940627667584,720575941438725888,16085
720575940610357504,720575941480494464,16312
720575940609540992,720575941472073984,34727
720575940613311104,720575941406966400,20738
720575940612733312,720575941478687104,29527
720575940623460352,720575941566103424,53357
720575940606078080,720575941457932672,29424
720575940610041088,720575941478581888,50869
720575940613516288,720575941351912704,23967
720575940610382464,720575941390684288,27484
720575940604056576,720575941482278144,13195
720575940628115712,720575941548012032,936611
720575940614061824,720575941412749440,33826
720575940605984768,720575941351902208,26542
720575940608713984,720575941496981888,18096
720575940610103936,720575941407972352,52227
720575940607787136,720575941455899136,45468
720575940614664448,720575941464112512,13974
720575940606101376,720575941503455488,17894
720575940609930240,720575941437157632,13019
720575940605676672,720575941408050688,43786
720575940627354240,720575941438672640,18805
720575940620565120,720575941529314560,28076
720575940606108288,720575941441961984,20890
720575940608343936,720575941403816320,33724
720575940626022784,720575941451936128,73611
720575940604747904,720575941449795200,59926
720575940605494400,720575941439173248,26313
720575940613409152,720575941416834304,23662
720575940615733376,720575941551414144,34464
720575940615394560,720575941352800000,22172
720575940605877760,720575941403097984,16256
720575940613006336,720575941407795072,32847
720575940606698368,720575941459559808,20369
720575940614188160,720575941437425920,11418
720575940621464320,720575941404816768,65494
720575940628549888,720575941462793088,19880
720575940616166912,720575941498287744,33856
720575940609147648,720575941400574976,55472
720575940615587328,720575941480922240,27202
720575940610460416,720575941481294976,17741
720575940603279616,720575941400730624,20663
720575940605140096,720575941401838592,27933
720575940607142016,720575941480374272,24602
720575940618775936,720575941474630400,24891
720575940610770176,720575941353126912,19389
720575940613422848,720575941390724224,22051
720575940614924928,720575941513393024,42121
720575940620802560,720575941408201600,62397
720575940614057728,720575941489679104,39225
720575940606129536,720575941353006848,15327
720575940610465920,720575941414602880,22857
720575940623036672,720575941447863040,18828
720575940604930432,720575941457271296,30860
720575940611548288,720575941482588672,29275
720575940607480320,720575941546646144,19573
720575940614476928,720575941436895232,38551
720575940629523712,720575941450919808,11890
720575940607912960,720575941392715008,33287
720575940612191360,720575941464281344,12967
720575940616872320,720575941487810048,26933
720575940610334848,720575941456308864,28430
720575940603766400,720575941492822144,19182
720575940605158528,720575941414464640,25734
720575940615613824,720575941437613440,33987
720575940603895552,720575941452594176,18668
720575940629829248,720575941430498816,36463
720575940610708992,720575941436765696,27644
720575940625914496,720575941440448128,70314
720575940629921536,720575941412647808,21382
720575940610112384,720575941471495552,28839
720575940612018816,720575941476034048,24347
720575940613627520,720575941401760768,40171
720575940619164800,720575941439196928,31075
720575940605060992,720575941406411648,18030
720575940610269568,720575941468238080,34830
720575940617765376,720575941471325312,20028
720575940625869312,720575941441757056,14432
720575940611813376,720575941540569216,25561
720575940618007936,720575941573468672,42109
720575940614881152,720575941536214784,25461
720575940611726848,720575941431640320,29667
720575940605165056,720575941351629056,34141
720575940620095616,720575941463953152,20386
720575940611780992,720575941401204480,18952
720575940611028352,720575941430260736,87590
720575940616186496,720575941480596608,24752
720575940624049152,720575941438438912,35455
720575940608756608,720575941438772992,29492
720575940612049920,720575941440240384,20157
720575940605105664,720575941435784960,20429
720575940625115264,720575941392460928,41366
720575940613657600,720575941429235072,64227
720575940621371520,720575941411630976,31570
720575940605292416,720575941402091008,21987
720575940615673728,720575941539238656,33587
720575940608701184,720575941413523584,24968
720575940605950464,720575941410792576,15677
720575940626885120,720575941433415168,16037
720575940605809536,720575941411670912,22420
720575940605722752,720575941408634624,30971
720575940613845504,720575941519507712,20439
720575940611419648,720575941448047104,26370
720575940610450432,720575941350354176,27520
720575940612766336,720575941450532736,34307
720575940604908672,720575941432861056,23818
720575940612315648,720575941413566720,30366
720575940631544064,720575941460105984,29656
720575940612211200,720575941391645824,18703
720575940612333440,720575941431388800,25152
720575940631678080,720575941453027200,49305
720575940607204352,720575941427908736,28920
720575940626435712,720575941543164416,14231
720575940605691264,720575941449616256,32344
720575940612413568,720575941475369472,17751
720575940632028800,720575941542876928,11857
720575940614107264,720575941449293952,26645
720575940617381504,720575941456032512,37699
720575940605845760,720575941474885120,19700
720575940612444288,720575941504045952,28099
720575940608186368,720575941430442496,29819
720575940609850496,720575941448034560,32268
720575940610202624,720575941471146112,19704
720575940612734464,720575941525730816,21252
720575940604781184,720575941412676480,29706
720575940608212992,720575941687671680,43660
720575940605381504,720575941414476160,24745
720575940605256704,720575941429463808,20258
720575940616233472,720575941412433280,11999
720575940613707392,720575941483838336,17101
720575940603886848,720575941447693824,19165
720575940606711168,720575941392681472,15560
720575940623428224,720575941512808320,29439
720575940608559232,720575941437948416,33384
720575940604973824,720575941459323520,15651
720575940604278656,720575941414681728,37319
720575940624039168,720575941472929920,27820
720575940610165248,720575941412404608,22602
720575940630247680,720575941405317504,32054
720575940607891456,720575941403135360,27972
720575940621142400,720575941461224192,28654
720575940611539840,720575941431283072,14020
720575940613364352,720575941459513856,20199
720575940606062464,720575941440543872,25036
720575940614777216,720575941569373184,49250
720575940605651584,720575941415473408,24681
720575940604094208,720575941556335616,19072
720575940613676928,720575941405724672,35888
720575940604830464,720575941390671744,34586
720575940621448832,720575941546654848,17174
720575940612661120,720575941446978432,12630
720575940603956864,720575941474986112,19952
720575940624003968,720575941412567936,18833
720575940614578304,720575941390280448,23157
720575940600322944,720575941351169024,25417
720575940635168384,720575941448067328,25649
720575940614723200,720575941471740160,21261
720575940605185920,720575941432771968,40850
720575940618576256,720575941540237440,37323
720575940603453312,720575941439351936,68867
720575940603479936,720575941351686144,68161
720575940606123904,720575941430994816,25125
720575940615923968,720575941533607296,14029
720575940613650176,720575941568768512,29847
720575940615837184,720575941392316672,21157
720575940624294016,720575941391029376,24119
720575940604907648,720575941435309696,23819
720575940608884992,720575941431817856,808258
720575940603676416,720575941352943872,35370
720575940608927488,720575941667205504,21782
720575940613299200,720575941560719744,82017
720575940629289216,720575941553751424,52255
720575940612143104,720575941499848832,43968
720575940623017984,720575941589297024,18305
720575940615543808,720575941503294976,19871
720575940636425856,720575941453022336,37438
720575940622684288,720575941461855744,14882
720575940603372416,720575941427006080,21476
720575940616527616,720575941496132096,14269
720575940636890240,720575941413016704,20553
720575940620228224,720575941474562304,14963
720575940607256320,720575941451429248,26668
720575940608457472,720575941447163264,35533
720575940613800448,720575941440576640,15604
720575940607451648,720575941456171520,19763
720575940614284544,720575941439740928,14941
720575940606626944,720575941497792384,23836
720575940612187008,720575941400207872,27219
720575940603495296,720575941431199232,28733
720575940605682816,720575941434734976,46071
720575940607828608,720575941539700608,46711
720575940612929664,720575941353136640,41870
720575940624676096,720575941475322368,102695
720575940612224512,720575941399380480,29002
720575940614099200,720575941515461120,30440
720575940611552384,720575941514086400,17081
720575940607054208,720575941390279936,45536
720575940603590272,720575941485371008,39038
720575940608279808,720575941411580800,19661
720575940609102592,720575941404873344,25187
720575940611607808,720575941458940416,14097
720575940606483712,720575941482785024,14451
720575940604992512,720575941427952256,26413
720575940611061504,720575941457317376,34103
720575940610895872,720575941441762432,26398
720575940618988928,720575941429566848,16054
720575940606636160,720575941352946688,28380
720575940614121216,720575941504549888,35060
720575940610453120,720575941353113088,34340
720575940641440512,720575941498438912,69674
720575940610989952,720575941432816128,15294
720575940601423616,720575941416701952,46224
720575940617601536,720575941433202432,31659
720575940605355776,720575941474117248,32947
720575940620202240,720575941489076224,22505
720575940612802048,720575941391792384,26964
720575940607131136,720575941391968128,22635
720575940607764736,720575941392518912,62846
720575940611482752,720575941428699520,26515
720575940610918400,720575941572608896,31565
720575940610236800,720575941401456896,36420
720575940606345088,720575941436853248,17710
720575940608185984,720575941390672768,17895
720575940614403968,720575941408178176,14815
720575940611567616,720575941410007424,22217
720575940609342080,720575941416780800,17606
720575940610701056,720575941432555520,24598
720575940606131072,720575941353314560,25547
720575940619273088,720575941443626368,55512
720575940605636992,720575941426412416,24054
720575940616425472,720575941474983168,15336
720575940603530496,720575941401613056,22081
720575940608344704,720575941403032192,36351
720575940615613440,720575941447737216,46674
720575940615520128,720575941431873152,18490
720575940612029056,720575941411561344,44171
720575940619302016,720575941438931584,44818
720575940621114624,720575941498483456,46765
720575940619964672,720575941486607360,27978
720575940604119808,720575941352155904,15115
720575940605421696,720575941432961536,15211
720575940612087552,720575941439776768,33878
720575940605604736,720575941485185536,55995
720575940606162304,720575941392900864,27111
720575940618103552,720575941353081600,19166
720575940608886784,720575941408833792,27106
720575940607204736,720575941478399488,58033
720575940613074560,720575941555666560,15241
720575940604479616,720575941392953344,22462
720575940611094528,720575941431846272,24258
720575940605328256,720575941432830848,18562
720575940604395648,720575941588445568,21366
720575940613645568,720575941353092608,26534
720575940608931840,720575941393704320,27502
720575940614360960,720575941352941312,37603
720575940612294656,720575941401338368,32090
720575940623478272,720575941468724224,22366
720575940611618048,720575941433141248,13013
720575940630650880,720575941545900160,53504
720575940608716544,720575941436077824,19049
720575940604196096,720575941408534272,19611
720575940608039680,720575941391465984,29470
720575940608235520,720575941493805824,15793
720575940605056640,720575941468776192,16842
720575940603580928,720575941352617728,34670
720575940607574016,720575941439896704,32477
720575940620004480,720575941529775360,12207
720575940616392832,720575941458905088,511989
720575940618934400,720575941412565632,26532
720575940608760064,720575941392922112,17015
720575940611157504,720575941430058624,32483
720575940605531776,720575941447786624,33849
720575940605842176,720575941412232320,25869
720575940613326720,720575941530049152,48392
720575940602380800,720575941459272832,16247
720575940607287296,720575941507394176,11818
720575940605287296,720575941407932928,44446
720575940607919488,720575941458783616,32379
720575940634492416,720575941560868608,25022
720575940623600640,720575941433319424,19919
720575940627739520,720575941538462848,548692
720575940605842944,720575941458458624,20056
720575940619837824,720575941404452736,23088
720575940608343552,720575941443216256,23858
720575940607309568,720575941411422848,28957
720575940644204800,720575941624341120,40705
720575940615258240,720575941507288832,24117
720575940607865472,720575941415481344,41996
720575940622861568,720575941445111936,43955
720575940616905728,720575941411070080,13193
720575940609657088,720575941517162112,44304
720575940604993792,720575941408480640,25880
720575940605360768,720575941413245056,23239
720575940615650048,720575941491334400,13573
720575940609545472,720575941412858496,20895
720575940612933632,720575941433841920,30032
720575940605128320,720575941392332544,49484
720575940606908800,720575941412612736,61848
720575940606550656,720575941405843072,23233
720575940611814016,720575941479673600,21905
720575940614833024,720575941351407616,31128
720575940609489024,720575941413914624,22167
720575940606153216,720575941427779200,25414
720575940610347008,720575941409197952,14131
720575940612225664,720575941391038464,19739
720575940606111488,720575941411572864,15528
720575940625777536,720575941507385600,35491
720575940613360512,720575941450858624,18773
720575940615958144,720575941435514496,14496
720575940605566080,720575941414026496,22195
720575940606732032,720575941431806976,17641
720575940612947584,720575941480353536,38744
720575940616036480,720575941450552448,25791
720575940605890560,720575941409903488,22297
720575940608048896,720575941490315520,48781
720575940601412352,720575941438723200,26429
720575940607580544,720575941504630016,26698
720575940652564736,720575941483102848,44399
720575940605177472,720575941461998592,23666
720575940610080000,720575941405232768,43777
720575940617871616,720575941441320960,17449
720575940612580736,720575941450588288,23727
720575940620260864,720575941426616192,17865
720575940607060352,720575941392160000,60664
720575940607898240,720575941402307328,16414
720575940613489536,720575941459436544,33791
720575940619695360,720575941502558208,31470
720575940611784704,720575941596925440,21376
720575940607225600,720575941477592704,25614
720575940622897664,720575941414231680,40527
720575940605322368,720575941474495488,54709
720575940621853568,720575941435669504,28365
720575940604510848,720575941490785664,17384
720575940621337344,720575941428444032,33677
720575940613098880,720575941403021696,20070
720575940614257792,720575941392903680,27602
720575940605637760,720575941491392512,54211
720575940605101696,720575941353338624,55563
720575940613170560,720575941491187712,16922
720575940604268928,720575941474022912,27057
720575940612880512,720575941407981696,26221
720575940616074752,720575941414483584,34526
720575940603489792,720575941408667520,34164
720575940611628672,720575941392577280,26885
720575940605394304,720575941430415872,26043
720575940609238016,720575941408494208,41065
720575940613385856,720575941402058624,18466
720575940605395200,720575941392492800,18322
720575940612907648,720575941501815552,18104
720575940612027264,720575941393693312,26804
720575940604163712,720575941416982016,36273
720575940601736192,720575941412310912,32319
720575940607876864,720575941410021248,29617
720575940611357440,720575941441856128,11147
720575940605726336,720575941412089728,73164
720575940607582720,720575941406593024,17687
720575940618382592,720575941513302656,48234
720575940605199616,720575941414784512,42565
720575940604033664,720575941392478464,24614
720575940612972672,720575941569199360,14967
720575940624510720,720575941425022592,26465
720575940605637888,720575941399948032,25158
720575940615214976,720575941353395968,16017
720575940606352000,720575941406674432,11442
720575940619590656,720575941441066112,27868
720575940606891008,720575941432722560,43963
720575940604553088,720575941404662912,37988
720575940606453760,720575941405771648,24795
720575940621059072,720575941440764544,33730
720575940610903808,720575941502698112,13979
720575940606914176,720575941353177856,40217
720575940614571264,720575941410337664,16561
720575940606537088,720575941477442048,41194
720575940605703424,720575941411051648,35472
720575940605496832,720575941393798528,43192
720575940623458304,720575941479851648,29601
720575940609662592,720575941445087360,30153
720575940609351936,720575941403123072,27941
720575940606274560,720575941353286656,32795
720575940603452416,720575941432388992,38016
720575940609706752,720575941439804672,32392
720575940610455808,720575941479887232,34581
720575940617358080,720575941437543552,26972
720575940653663872,720575941470943616,18249
720575940616576512,720575941691347328,44341
720575940605858816,720575941401067008,19648
720575940615545344,720575941452820608,21154
720575940607482624,720575941432141184,15702
720575940610348800,720575941438588160,32939
720575940612382208,720575941428144000,45777
720575940618283520,720575941469896192,70593
720575940607798400,720575941408777472,14056
720575940611807616,720575941458849536,21116
720575940616725632,720575941434878464,29970
720575940605756032,720575941451841920,12898
720575940621752704,720575941563820672,24143
720575940604125952,720575941393723008,29440
720575940604404480,720575941391151616,39062
720575940609868288,720575941450924672,24277
720575940610269312,720575941412912000,23696
720575940626170368,720575941439821952,37740
720575940617830528,720575941631666688,29914
720575940615621504,720575941478955136,51992
720575940613532544,720575941536268800,70883
720575940609681792,720575941439596032,14997
720575940612945280,720575941412230528,46004
720575940612672896,720575941409918848,46029
720575940610494464,720575941469279488,12398
720575940611318144,720575941431419392,28317
720575940616389760,720575941460258560,26842
720575940611384320,720575941477267584,46522
720575940610703360,720575941459221632,39875
720575940607772288,720575941436759040,21805
720575940605278592,720575941440458368,46794
720575940616367232,720575941503805952,16584
720575940608512128,720575941446169600,27863
720575940606921984,720575941515257216,18847
720575940609347200,720575941415177600,24180
720575940607853312,720575941493545088,26869
720575940618025728,720575941471064320,51632
720575940607941760,720575941414569600,14703
720575940607259904,720575941408758400,21356
720575940611290112,720575941450748288,46591
720575940604970368,720575941429392768,31155
720575940613149440,720575941431627264,10370
720575940612721536,720575941556490496,39710
720575940619100672,720575941408174592,48844
720575940611566208,720575941350419968,33237
720575940605804416,720575941426661504,20800
720575940619651840,720575941503644288,26362
720575940620448384,720575941404505728,26159
720575940620297344,720575941495599488,18786
720575940610505856,720575941431421056,30919
720575940617425536,720575941588762496,11884
720575940606410112,720575941432370432,34282
720575940616103168,720575941568289408,16780
720575940606758016,720575941412531328,13239
720575940609423232,720575941450204544,70254
720575940625885568,720575941602398336,41710
720575940606794624,720575941353089280,37784
720575940606670848,720575941429265408,18389
720575940611991040,720575941493623680,22586
720575940613390592,720575941514451840,78103
720575940604372096,720575941450360192,28059
720575940606711296,720575941434819584,98079
720575940609401216,720575941412581504,32756
720575940607055104,720575941440732544,21058
720575940616258688,720575941450338432,17929
720575940604926208,720575941409386368,102794
720575940615441024,720575941416251392,26580
720575940612142080,720575941436669952,14237
720575940616962944,720575941479964288,15711
720575940611788928,720575941412824704,17498
720575940624688384,720575941414474624,23587
720575940608157312,720575941456086272,28607
720575940616992512,720575941392885248,23785
720575940603587456,720575941447822208,47300
720575940622085248,720575941477818112,38279
720575940619159296,720575941447776000,15900
720575940611591936,720575941430524032,26903
720575940615199360,720575941431300736,13250
720575940609533440,720575941480479616,31107
720575940613424640,720575941531416064,22108
720575940626793344,720575941462736768,14053
720575940622338176,720575941393064576,61021
720575940606489472,720575941405008000,15841
720575940614646656,720575941432525312,29410
720575940623525760,720575941527085184,16533
720575940605177088,720575941417077504,57014
720575940607924608,720575941463750656,74874
720575940605330944,720575941452077696,12096
720575940608230144,720575941409118592,29648
720575940615025152,720575941416143360,15679
720575940613412480,720575941504320640,38475
720575940615952256,720575941478488192,45368
720575940602534144,720575941408491648,109224
720575940623775360,720575941439641344,27002
720575940615611776,720575941503790592,519859
720575940620613376,720575941435422592,21390
720575940611496576,720575941518275328,40240
720575940605450880,720575941476134656,21172
720575940608666368,720575941477297664,42236
720575940608605696,720575941480572672,74471
720575940611614080,720575941564730368,12850
720575940612332800,720575941460336768,37966
720575940607983360,720575941456588032,27060
720575940616058112,720575941532520832,14553
720575940620307840,720575941404727936,25780
720575940608492800,720575941602940416,20601
720575940616168192,720575941486751232,32570
720575940618405632,720575941482328320,17872
720575940615291008,720575941490473216,29555
720575940627570560,720575941393557120,27663
720575940604504704,720575941430064000,25469
720575940614235264,720575941352818176,35786
720575940617240960,720575941430002816,21365
720575940614282240,720575941442377088,20421
720575940616060032,720575941480287872,44782
720575940617063680,720575941472838912,16946
720575940610231040,720575941426404736,43211
720575940614908160,720575941511197440,26299
720575940604370560,720575941457088384,24583
720575940604685568,720575941392658560,51884
720575940623737472,720575941411944320,20835
720575940609496320,720575941433438208,16196
720575940614305280,720575941406516480,55818
720575940618220672,720575941429026688,18885
720575940605043072,720575941572372480,29976
720575940608190976,720575941474584832,35955
720575940614281984,720575941437649664,22672
720575940607987328,720575941441423488,26426
720575940618282624,720575941407978624,43665
720575940615286016,720575941432407808,17532
720575940611527936,720575941461908480,59649
720575940611852288,720575941393091968,21731
720575940613207424,720575941461900288,32955
720575940616829056,720575941407663488,56957
720575940610097664,720575941408310528,27101
720575940607209856,720575941399163648,30504
720575940609970944,720575941408567680,12783
720575940611821312,720575941481976832,22393
720575940610148096,720575941551828992,15234
720575940611597696,720575941529089152,35555
720575940614144768,720575941534912384,46870
720575940614330240,720575941436991488,13560
720575940605641856,720575941429535744,15514
720575940604212864,720575941401686528,13914
720575940608026496,720575941477010688,32946
720575940611586176,720575941438726656,46868
720575940609585280,720575941350526464,79440
720575940615261440,720575941578717824,14347
720575940609308160,720575941393154304,25264
720575940605545472,720575941458816000,17475
720575940618225280,720575941411229824,13016
720575940609295104,720575941391932288,28461
720575940608455936,720575941431935488,20627
720575940609024512,720575941448087808,20389
720575940614884992,720575941452875648,23178
720575940616985984,720575941507431296,45144
720575940612309632,720575941466543872,15386
720575940614722560,720575941453542528,11957
720575940610910336,720575941512451968,23344
720575940606851712,720575941407174912,22214
720575940609030784,720575941450270848,30466
720575940604247424,720575941392970880,34494
720575940608357760,720575941437628160,16125
720575940626718720,720575941457678592,33286
7.20575940614e+17,720575941467724032,26611
720575940605654656,720575941408767872,25024
720575940620633856,720575941547544576,27743
720575940611555968,720575941580471168,34058
720575940623595648,720575941481947776,50066
720575940626417408,720575941411468416,26332
720575940611138048,720575941407451648,24040
720575940616328064,720575941474725632,48697
720575940611091328,720575941529790592,25021
720575940605916928,720575941401095168,41716
720575940607030656,720575941413004160,20817
720575940606461184,720575941520017280,34065
720575940610355840,720575941445392128,18615
720575940612646912,720575941482713344,37308
720575940611291264,720575941469745920,16439
720575940611498752,720575941408532352,18405
720575940611764096,720575941430579584,39913
720575940609109632,720575941447852288,25256
720575940607748352,720575941404162176,33161
720575940607731328,720575941451775872,51743
720575940609860736,720575941432293120,25127
720575940616712320,720575941493577600,45041
720575940617541248,720575941417131776,43828
720575940616311040,720575941450827392,31336
720575940608585728,720575941478667648,42107
720575940618273792,720575941458329088,28948
720575940603827584,720575941566051072,48343
720575940609459712,720575941477335552,24923
720575940614580096,720575941432002560,28336
720575940607814528,720575941352774400,34868
720575940620640128,720575941533278720,22590
720575940611197568,720575941436773120,42302
720575940612895744,720575941408654336,42043
720575940613837696,720575941473573760,20289
720575940618373760,720575941474419968,24724
720575940608249984,720575941510845696,15130
720575940609375104,720575941503596160,33545
720575940603977088,720575941390733952,18105
720575940612498304,720575941505673600,15805
720575940607736576,720575941393623936,24958
720575940618652160,720575941438881280,17098
720575940613009536,720575941449876352,27021
720575940614435712,720575941567028864,17708
720575940610754176,720575941425757568,14153
720575940607838464,720575941437601536,39777
720575940617811968,720575941462784640,16443
720575940611469056,720575941425858432,48756
720575940621738624,720575941629456640,47935
720575940611871360,720575941466509952,20320
720575940615136000,720575941494052992,17639
720575940612617472,720575941521236864,19455
720575940634667392,720575941511712768,77560
720575940604889216,720575941402059648,27795
720575940616219904,720575941436174336,21784
720575940605321728,720575941533962112,33864
720575940607152384,720575941458437888,23611
720575940627553920,720575941430845440,24396
720575940612940288,720575941458653824,17655
720575940608490496,720575941453167488,36061
720575940608616960,720575941431220480,16709
720575940622878720,720575941537719040,44250
720575940614527232,720575941439436160,16601
720575940605888640,720575941390308224,32092
720575940608956160,720575941481021824,19586
720575940613278208,720575941482330368,26985
720575940626745600,720575941631243904,39687
720575940605855744,720575941424935552,12836
720575940610803840,720575941412831104,26841
720575940612526848,720575941550455936,23643
720575940615449088,720575941521821824,29046
720575940605016320,720575941447048064,23452
720575940614550784,720575941450158720,15568
720575940609666560,720575941471396992,19805
720575940619173504,720575941513181568,23001
720575940626989824,720575941516196096,21192
720575940609973632,720575941416681216,35464
720575940611428736,720575941441808000,18863
720575940605838592,720575941405878400,20470
720575940609537280,720575941496640128,76057
720575940612507904,720575941434914944,41961
720575940603899904,720575941427890048,16836
720575940605345536,720575941407908992,44740
720575940604590336,720575941414985600,14790
720575940620223232,720575941460526208,33478
720575940611553152,720575941483701248,11786
720575940617836544,720575941425134464,20831
720575940607310464,720575941456801536,20046
720575940605587584,720575941414273920,47041
720575940613191296,720575941353067008,16863
720575940612359296,720575941461665024,38136
720575940609294336,720575941350531328,35193
720575940605927936,720575941430579968,19673
720575940606733696,720575941502890624,28037
720575940613439104,720575941498522752,46032
720575940615341952,720575941352919808,18471
720575940604585728,720575941440818688,20839
720575940614061440,720575941410659456,10505
720575940610413312,720575941406848384,37517
720575940610099584,720575941471395712,26920
720575940609830912,720575941475991296,14711
720575940612390912,720575941469007872,20477
720575940606849536,720575941478524032,37572
720575940621675648,720575941456315008,30115
720575940604565376,720575941431443456,15277
720575940609268480,720575941485181184,22799
720575940603731200,720575941417035520,14027
720575940608055552,720575941438816384,64193
720575940616363520,720575941414122880,14457
720575940619121920,720575941431742976,13039
720575940608620032,720575941438658048,17141
720575940605421440,720575941451607936,11759
720575940611988992,720575941406036480,24153
720575940618445568,720575941459424384,32480
720575940625151488,720575941408380672,24927
720575940605042560,720575941471932672,53307
720575940611610624,720575941535386880,35769
720575940603720320,720575941507597440,20946
720575940611398656,720575941487800320,18467
720575940632954880,720575941634213248,65944
720575940604304768,720575941403058816,26731
720575940609496704,720575941353112064,14274
720575940609154048,720575941436728576,40805
720575940623156736,720575941506597504,19640
720575940609246208,720575941413255552,37256
720575940609165056,720575941432436736,52557
720575940611329280,720575941431484544,25240
720575940606684800,720575941430108800,15251
720575940605947520,720575941480441344,24315
720575940620472192,720575941590314496,35547
720575940608152704,720575941482774144,16979
720575940628238720,720575941431093760,17304
720575940608710016,720575941431248256,58016
720575940618599424,720575941467829504,16899
720575940624061056,720575941428434048,48986
720575940609192704,720575941392067584,55729
720575940605747584,720575941400029184,49035
720575940606933120,720575941452985600,36296
720575940606010240,720575941408212992,34133
720575940612621184,720575941481362304,31293
720575940605885952,720575941529362816,24712
720575940605245952,720575941504691968,23308
720575940621159296,720575941447251072,29905
720575940614511232,720575941494987008,23962
720575940613675776,720575941458253184,27757
720575940613739648,720575941431832960,31789
720575940605300096,720575941440443776,32125
720575940605271424,720575941460427904,35189
720575940617222272,720575941592855040,31365
720575940613467776,720575941411378816,16229
720575940616158080,720575941436035072,28938
720575940620720640,720575941458818560,28841
720575940609874944,720575941406603008,23749
720575940611091840,720575941430263680,25833
720575940605115392,720575941391857792,27260
720575940611152512,720575941401079808,12911
720575940612916352,720575941456925184,23628
720575940606612608,720575941491068672,20529
720575940616016000,720575941535103616,28113
720575940623582080,720575941448186624,27115
720575940613757696,720575941438707456,15482
720575940612403840,720575941391873536,15357
720575940606672768,720575941408754304,16901
720575940623566720,720575941402168576,18727
720575940605464192,720575941408996480,14636
720575940610423296,720575941507710464,11391
720575940615193088,720575941432560000,18010
720575940623227648,720575941486873856,67685
720575940632401280,720575941616539136,15451
720575940622341376,720575941560638848,22148
720575940613518080,720575941462127872,21971
720575940605727104,720575941513876480,23518
720575940615228672,720575941416827648,22318
720575940609766656,720575941458778240,64534
720575940602120960,720575941570172672,539787
720575940604731776,720575941439676928,16873
720575940607607168,720575941437979136,16886
720575940624711552,720575941527182336,25575
720575940634694912,720575941498652672,29125
720575940615104896,720575941573613184,21853
720575940607828480,720575941414541184,23817
720575940611611008,720575941516219904,20178
720575940614359040,720575941525735936,28837
720575940614649600,720575941408083328,67032
720575940603962240,720575941518742144,31546
720575940606216960,720575941652546816,11966
720575940612369920,720575941408507520,23227
720575940603917184,720575941454174720,34146
720575940608170240,720575941414720384,16590
720575940624154752,720575941572726144,43122
720575940618240128,720575941429746944,38789
720575940608406784,720575941432410624,54051
720575940605580032,720575941470736128,25637
720575940622958080,720575941429472000,28424
720575940609557760,720575941403907712,35952
720575940621994240,720575941413451904,20569
720575940610230784,720575941530093440,12406
720575940632723968,720575941559953536,14916
720575940607348992,720575941578858624,18788
720575940610188288,720575941467529728,40287
720575940607516416,720575941392149120,25239
720575940606446720,720575941536065792,26380
720575940626343296,720575941477884800,78393
720575940605618688,720575941392737152,35128
720575940605309952,720575941429405568,23904
720575940616766336,720575941441642368,21291
720575940611321856,720575941456644608,17615
720575940604120960,720575941500196736,37744
720575940611962240,720575941486801280,57258
720575940604150528,720575941438454272,21278
720575940606015104,720575941543215872,15694
720575940629941248,720575941453853312,19866
720575940636662912,720575941553711232,18353
720575940612169600,720575941444917888,28428
720575940627051392,720575941413870464,42285
720575940618093440,720575941466838144,14206
720575940614308992,720575941441333120,21582
720575940617031424,720575941472077824,18214
720575940615421440,720575941498429568,17001
720575940611182592,720575941447873920,11212
720575940610310400,720575941467861760,21022
720575940608581248,720575941390885632,66969
720575940617843584,720575941438665728,34000
720575940615217664,720575941507953920,31297
720575940612429696,720575941439834752,542982
720575940631241728,720575941438474496,23638
720575940616688896,720575941689741184,19540
720575940611014016,720575941427843712,49395
720575940618153600,720575941486968320,34109
720575940637033216,720575941515473792,20712
720575940606001536,720575941441523584,28404
720575940624905472,720575941526502400,39837
720575940614412416,720575941439865728,27298
720575940605039616,720575941441905792,25139
720575940613526272,720575941414763392,41241
720575940627816320,720575941512405376,20203
720575940610504448,720575941408782976,16911
720575940614577024,720575941595021696,32027
720575940615597696,720575941436598784,31304
720575940615967360,720575941463354624,26785
720575940607197824,720575941555226368,22270
720575940608153472,720575941461804032,17035
720575940608017024,720575941440760320,52258
720575940626110976,720575941465985280,12198
720575940610707840,720575941519225600,21761
720575940606864896,720575941411779456,72337
720575940618540800,720575941449772416,30533
720575940604938368,720575941623399808,13424
720575940605318272,720575941472062848,16434
720575940605370752,720575941413566592,58394
720575940605660288,720575941413156992,41855
720575940613121664,720575941476955776,15153
720575940619722496,720575941510663168,44457
720575940604222976,720575941445042304,26264
720575940621901696,720575941476987904,24426
720575940621634688,720575941533693440,23505
720575940617322880,720575941477350784,14455
720575940615677440,720575941476459776,30675
720575940606477696,720575941408481152,32812
720575940612951808,720575941352368640,19690
720575940613965184,720575941415211904,16208
720575940604790400,720575941402006528,19151
720575940605355904,720575941469354240,15959
720575940620004608,720575941455684864,35208
720575940616548864,720575941351990784,53562
720575940603552768,720575941497397120,14663
720575940625634048,720575941490625024,20961
720575940613280768,720575941452056192,30509
720575940605721856,720575941438212096,26434
720575940616715776,720575941435838208,21999
720575940613895936,720575941417202176,22184
720575940611638400,720575941431816192,17629
720575940606725888,720575941436663040,26745
720575940608680448,720575941516135552,23990
720575940613739392,720575941412809344,27553
720575940614406144,720575941483980416,20415
720575940610888064,720575941477587840,24448
720575940617769728,720575941437626624,22323
720575940606787840,720575941490438912,13862
720575940627511552,720575941548298368,29583
720575940610634624,720575941492061440,11745
720575940623112320,720575941471219712,48896
720575940630527744,720575941503528192,18645
720575940609925504,720575941414420864,58682
720575940624445952,720575941537296768,40943
720575940609261952,720575941393550720,34351
720575940618245760,720575941448529792,36288
720575940606573952,720575941414660736,15519
720575940606512640,720575941462716416,28992
720575940611129728,720575941436037120,17196
720575940616783232,720575941509305088,48586
720575940606156032,720575941432146304,35620
720575940613834240,720575941488408832,21144
720575940620476544,720575941392975616,60014
720575940625751552,720575941477577472,523372
720575940609470976,720575941456023296,19190
720575940611063936,720575941407410048,24160
720575940613701760,720575941681219968,50073
720575940612952576,720575941481583872,15776
720575940618151168,720575941449947264,26307
720575940606850560,720575941461443840,18802
720575940619445504,720575941476041216,10655
720575940618479360,720575941451829120,26510
720575940629468672,720575941481624960,22057
720575940607002112,720575941519506432,44139
720575940609911808,720575941430523136,61360
720575940623769728,720575941431378304,20279
720575940617151232,720575941469029120,13083
720575940605634816,720575941455629824,30850
720575940609406976,720575941405739776,20333
720575940614167424,720575941519361664,29709
720575940619997696,720575941513931776,17890
720575940625094272,720575941461205376,21098
720575940605527936,720575941472424704,41168
720575940606077568,720575941407900928,27025
720575940605532544,720575941474187136,19768
720575940620953600,720575941414534784,31046
720575940614212736,720575941453873664,24249
720575940617520384,720575941427901056,26520
720575940634756224,720575941431877248,517829
720575940612185344,720575941430473216,22140
720575940610000896,720575941431929472,27044
720575940619755776,720575941429342848,31649
720575940612149120,720575941452136064,26694
720575940609890304,720575941430007552,22824
720575940622316800,720575941536052992,21049
720575940614837888,720575941610192512,23713
720575940612499456,720575941440475008,25165
720575940623078912,720575941431824128,33507
720575940619130624,720575941546771584,24642
720575940614311168,720575941466822400,30141
720575940610397568,720575941431223168,18656
720575940619866112,720575941352980992,16144
720575940613956480,720575941447815040,14297
720575940629203968,720575941579206144,59472
720575940609601024,720575941547478912,29548
720575940626881792,720575941467289344,22696
720575940606846336,720575941408462464,22929
720575940612967680,720575941436489216,23855
720575940607043200,720575941439870336,30791
720575940605242240,720575941452472448,30104
720575940619925888,720575941429643648,38973
720575940605675776,720575941353104384,15917
720575940605395584,720575941441468032,14489
720575940606676992,720575941413838208,36642
720575940619646080,720575941588160640,13402
720575940606819840,720575941530926976,22714
720575940621840256,720575941461071104,19532
720575940606144896,720575941439532416,19533
720575940609795584,720575941431742592,20326
720575940604486912,720575941449946240,26452
720575940612239104,720575941400730368,22864
720575940614376448,720575941448050944,24654
720575940615478912,720575941516111488,32976
720575940613688704,720575941412840576,25640
720575940625952384,720575941438359040,22109
720575940612093952,720575941450806656,38441
720575940606688000,720575941407926784,20855
720575940607637504,720575941428209920,25957
720575940610855296,720575941470971904,30719
720575940611940736,720575941474359808,40172
720575940611713664,720575941353031424,50871
720575940622912128,720575941430716288,13777
720575940601103616,720575941468966144,19764
720575940621583232,720575941508847232,42615
720575940629423872,720575941516342784,21448
720575940609058688,720575941543173376,19521
720575940609158784,720575941478496128,38185
720575940606633216,720575941457217152,28990
720575940627608192,720575941440836992,22578
720575940625272576,720575941458399360,21673
720575940607467648,720575941483967232,53892
720575940617301632,720575941392849920,26209
720575940610316160,720575941481603072,37152
720575940617570048,720575941399164416,22554
720575940608103552,720575941486053376,56282
720575940611087744,720575941433419520,33741
720575940624719488,720575941464187776,46021
720575940606937984,720575941473744640,22026
720575940605772032,720575941408463744,27680
720575940604125312,720575941393072768,76681
720575940607832448,720575941392956416,17441
720575940608063616,720575941584338688,26005
720575940614466944,720575941480427776,37317
720575940604827776,720575941504065280,17020
720575940622036480,720575941519092096,28042
720575940614377984,720575941655810816,20814
720575940612520576,720575941412849792,21580
720575940612032896,720575941482160896,29127
720575940611231104,720575941475133056,41345
720575940606188288,720575941445203328,36059
720575940620100736,720575941429971840,66366
720575940625891584,720575941428446848,26390
720575940610118528,720575941431241984,36404
720575940610232320,720575941556418816,17552
720575940607178112,720575941483744384,29897
720575940604880896,720575941470996480,58839
720575940615862400,720575941611385728,22383
720575940610941824,720575941430589056,67501
720575940614705792,720575941431354496,28143
720575940618980480,720575941472259200,26495
720575940624463744,720575941460554880,18211
720575940607856256,720575941563135616,25350
720575940603975424,720575941476087296,16488
720575940611694592,720575941412131200,31641
720575940619953792,720575941472795008,17507
720575940611288704,720575941351182592,24671
720575940605198976,720575941449282432,31866
720575940608087168,720575941408770304,13114
720575940623713152,720575941459645824,22779
720575940605992320,720575941390136320,37678
720575940610903936,720575941411555712,50805
720575940606091648,720575941352243968,15274
720575940613429376,720575941413746304,23681
720575940625929984,720575941441371264,20426
720575940611826176,720575941433179136,27983
720575940610702464,720575941404855936,15710
720575940608362368,720575941450658176,12665
720575940614866432,720575941450220416,10573
720575940616592896,720575941440793600,26079
720575940608826368,720575941469131648,25583
720575940615833728,720575941489594112,28098
720575940620668160,720575941482376192,41167
720575940615622656,720575941429160576,19163
720575940616138880,720575941472597248,43812
720575940619061888,720575941523283072,59934
720575940606769664,720575941476862464,14678
720575940626765952,720575941539620736,26031
720575940603909760,720575941497609728,21694
720575940611264128,720575941499558272,30080
720575940610486784,720575941412858240,26099
720575940609774336,720575941475591552,20880
720575940603885824,720575941431426304,22296
720575940604212352,720575941439193216,26886
720575940611931648,720575941392667264,23860
720575940613822464,720575941554589440,28117
720575940612757888,720575941411390080,18623
720575940610585728,720575941404170112,23176
720575940608161152,720575941392725888,12271
720575940604905984,720575941505533056,22807
720575940610384256,720575941535443968,16796
720575940646241408,720575941430607232,95815
720575940607834752,720575941506334464,52850
720575940615392640,720575941434383744,13456
720575940607614208,720575941524784512,29524
720575940620785024,720575941431361024,41413
720575940609164288,720575941554533248,42288
720575940620500736,720575941412114816,14817
720575940606747776,720575941584372608,64432
720575940609789184,720575941430119040,30881
720575940605681024,720575941428365184,22595
720575940616119424,720575941518410880,62849
720575940620469376,720575941443946112,33735
720575940610660992,720575941428748672,30936
720575940607206016,720575941405176192,21912
720575940604843392,720575941553319808,14547
720575940611242624,720575941353169408,23500
720575940622659840,720575941476369920,21416
720575940605009152,720575941463887104,34622
720575940623415168,720575941474598912,25480
720575940617159552,720575941480416000,36756
720575940610938880,720575941437826816,12234
720575940610426496,720575941480376832,12758
720575940611556992,720575941555444480,63240
720575940614389888,720575941507259648,18342
720575940603707648,720575941469273728,15287
720575940611859072,720575941494161024,26150
720575940617571968,720575941448316928,32302
720575940610584960,720575941455160320,19120
720575940621656832,720575941392916992,517355
720575940604895104,720575941565362048,31522
720575940620287872,720575941489677824,16374
720575940612862080,720575941474334720,13622
720575940621848960,720575941494934912,19458
720575940603694976,720575941461063680,36481
720575940604731264,720575941350472960,62278
720575940611953664,720575941454607360,47724
720575940610980096,720575941496697472,32809
720575940617475072,720575941472008704,15681
720575940607703296,720575941452429696,12095
720575940610479616,720575941472290816,27997
720575940612037120,720575941481756928,22336
720575940613991552,720575941410019712,51513
720575940613441280,720575941540349056,29607
720575940607818624,720575941433235968,14525
720575940615338880,720575941534469248,18879
720575940621797248,720575941450674304,33254
720575940614601088,720575941450967168,25747
720575940637085440,720575941536364928,26683
720575940609265664,720575941408490624,26203
720575940615992704,720575941515949824,18409
720575940612908416,720575941506543872,39803
720575940638245376,720575941400788736,24576
720575940605410560,720575941438211072,14425
720575940625944320,720575941482359552,15648
720575940614238592,720575941466207488,26956
720575940604659840,720575941441319296,17177
720575940607988736,720575941478547840,28720
720575940611194368,720575941479744768,27279
720575940606049152,720575941460652928,55980
720575940620323712,720575941410205056,63068
720575940620856576,720575941392108032,38796
720575940623204864,720575941490276352,25308
720575940611635328,720575941459992192,44916
720575940606036864,720575941438855680,20700
720575940610272384,720575941450388096,20885
720575940614248832,720575941451866240,19290
720575940606450816,720575941586774016,19487
720575940606551680,720575941557243904,74446
720575940605625984,720575941498576256,21379
720575940620975488,720575941533272832,22053
720575940623329152,720575941430128512,43273
720575940608287744,720575941513310848,16696
720575940606231040,720575941479160832,40048
720575940606573568,720575941498948480,17665
720575940611968896,720575941516352000,24677
720575940610896384,720575941515813504,18122
720575940628347776,720575941645577472,15907
720575940619906176,720575941451666048,16891
720575940605868928,720575941499328256,16962
720575940614009472,720575941513921664,37659
720575940612857728,720575941642487808,16217
720575940607499776,720575941439830784,524230
720575940620597248,720575941453557376,22443
720575940610202112,720575941495966976,31225
720575940622905088,720575941441432064,23508
720575940622992256,720575941520547968,23107
720575940610553600,720575941490414848,17669
720575940617479168,720575941556945280,29589
720575940615044480,720575941626515840,12216
720575940616107648,720575941441900160,23489
720575940613509376,720575941494969728,26220
720575940610334080,720575941478686080,15642
720575940620948224,720575941474841088,33275
720575940612031488,720575941458953344,17736
720575940611654528,720575941431287552,44874
720575940614955136,720575941491576064,36877
720575940610205312,720575941429294976,17933
720575940611214080,720575941495703552,36357
720575940604396160,720575941430849408,32644
720575940614620032,720575941417258752,18110
720575940613491072,720575941516228096,16331
720575940616264448,720575941477395072,60762
720575940607892480,720575941514905856,18250
720575940613087872,720575941490259968,27512
720575940605597056,720575941549805056,19244
720575940624157056,720575941468851200,31399
720575940614328704,720575941448833152,39351
720575940631411072,720575941438631808,33259
720575940618522624,720575941506081664,15180
720575940611380864,720575941599065600,45162
720575940604663552,720575941489763072,28623
720575940614466432,720575941512525184,85668
720575940606322944,720575941461729536,43103
720575940604893824,720575941467788800,24989
720575940608873728,720575941534955648,18810
720575940617064576,720575941518800640,18768
720575940606102528,720575941430658560,11114
720575940625531776,720575941436826624,26008
720575940607970304,720575941411423872,46541
720575940613685504,720575941551395328,16277
720575940611803264,720575941437921280,35121
720575940613326208,720575941458808832,35099
720575940608001920,720575941456146304,20645
720575940606873472,720575941399187968,36469
720575940608171648,720575941431025280,28658
720575940616887808,720575941547311488,13054
720575940608886656,720575941601243264,17625
720575940615592448,720575941447961856,19613
720575940616819328,720575941475006336,18181
720575940607037696,720575941438573312,44323
720575940620541824,720575941434874880,34151
720575940603352704,720575941475037440,25866
720575940623630336,720575941536122112,42573
720575940621044096,720575941390767232,41556
720575940607963136,720575941400285440,11577
720575940611145728,720575941405601792,23920
720575940614724480,720575941486716544,28776
720575940618172544,720575941496322304,25405
720575940616966400,720575941510233600,51575
720575940612711936,720575941447412864,29759
720575940606048640,720575941402279936,27901
720575940612848896,720575941431656704,20410
720575940624659968,720575941535224832,19552
720575940603379200,720575941411221120,37845
720575940606182784,720575941430386432,25235
720575940611334016,720575941436748288,17351
720575940620381312,720575941495848192,10814
720575940612002176,720575941393695104,41215
720575940612677120,720575941473482112,23325
720575940610063872,720575941521461888,39445
720575940627572352,720575941531270400,17201
720575940615635840,720575941491075200,42844
720575940606774272,720575941410449280,48521
720575940611570944,720575941451001472,23542
720575940604437120,720575941515619968,45005
720575940612418048,720575941632518784,27828
720575940611337472,720575941506419712,14752
720575940615066368,720575941549163520,13102
720575940605147008,720575941430452736,21232
720575940612129536,720575941413508736,22660
720575940614384000,720575941592951808,21538
720575940614326528,720575941445334912,91490
720575940623700736,720575941450337664,46557
720575940620937984,720575941610184960,41761
720575940621413632,720575941436514048,16253
720575940605668096,720575941441112192,12496
720575940611142912,720575941441909120,15914
720575940617224064,720575941412808832,32175
720575940609001216,720575941533035008,34036
720575940613124736,720575941480317312,11635
720575940609548928,720575941402442496,20339
720575940608845184,720575941431354752,525341
720575940605454336,720575941481347200,22373
720575940607875968,720575941479369344,74605
720575940623130496,720575941477574144,28830
720575940615167360,720575941447769728,29040
720575940606484736,720575941431375232,38395
720575940643692032,720575941498576768,37153
720575940610584320,720575941456940544,21051
720575940625038976,720575941404136576,25325
720575940609646080,720575941438632704,14240
720575940620054144,720575941489524224,15618
720575940608808960,720575941459558784,11095
720575940619607424,720575941688397312,33477
720575940603839744,720575941453015936,22437
720575940624205056,720575941439191680,26169
720575940611628160,720575941450512256,40835
720575940616980864,720575941506355328,44878
720575940618351360,720575941473910656,22225
720575940616604032,720575941505794304,22211
720575940622468608,720575941469166208,14810
720575940606467712,720575941456103808,26556
720575940608076800,720575941425782400,23979
720575940603407360,720575941430149504,41989
720575940606421504,720575941404453248,33838
720575940616482304,720575941479726720,26276
720575940633728128,720575941535282944,20380
720575940614658688,720575941440658816,14577
720575940617133952,720575941507706880,17776
720575940638678656,720575941439814656,27178
720575940636617856,720575941529127552,36917
720575940609171456,720575941516321792,28329
720575940605785856,720575941450237056,20141
720575940620610944,720575941484124928,52232
720575940626253056,720575941637812096,37290
720575940624838528,720575941410047872,31894
720575940620765568,720575941611438464,18616
720575940608379904,720575941469248256,19341
720575940610259200,720575941439486720,34605
720575940626305920,720575941508462464,21860
720575940613513600,720575941534438784,30262
720575940610085760,720575941439440896,25927
720575940615538816,720575941428412544,34823
720575940620034048,720575941584150400,26350
720575940605190016,720575941572736896,12418
720575940620552320,720575941412552064,38781
720575940608615168,720575941412651648,32624
720575940612119808,720575941474554368,45644
720575940610649216,720575941461416704,23848
720575940608296448,720575941392890624,35916
720575940615800448,720575941437659008,14467
720575940605891072,720575941416359680,29878
720575940640456960,720575941473328128,805934
720575940612259712,720575941407181440,17566
720575940617008896,720575941408807936,51617
720575940607528960,720575941414326912,22402
720575940620510720,720575941473035520,71333
720575940604101248,720575941436693248,23287
720575940604949504,720575941453505152,29297
720575940605292672,720575941430243072,28262
720575940611828608,720575941401022720,22444
720575940614586368,720575941503713024,23799
720575940615582080,720575941411480192,17813
720575940612099072,720575941523100544,28243
720575940606722176,720575941513808768,16399
720575940604934528,720575941401454848,29883
720575940610780800,720575941547814016,19877
720575940612401152,720575941414404480,49832
720575940619038848,720575941413951232,87471
720575940626016896,720575941481554688,16840
720575940614110336,720575941463638272,28306
720575940619917312,720575941573362816,39577
720575940612934656,720575941534977792,29568
720575940614645632,720575941437649408,24437
720575940623714560,720575941464136960,26866
720575940637731968,720575941436996864,24114
720575940612923136,720575941471989504,50093
720575940611251456,720575941464163712,26311
720575940619028480,720575941440463616,19207
720575940616750464,720575941630003456,34400
720575940620527744,720575941542058240,18732
720575940608554112,720575941670439552,29824
720575940619219200,720575941429543168,15524
720575940627812992,720575941585466368,17938
720575940613530624,720575941506922624,30165
720575940609521664,720575941531603584,53497
720575940611206144,720575941438420992,31533
720575940611154176,720575941551847680,29107
720575940613471360,720575941525201152,47005
720575940608009728,720575941428440192,35977
720575940609148928,720575941431208192,13711
720575940610670208,720575941482465536,30965
720575940620120192,720575941474282752,18781
720575940618822400,720575941555756416,29998
720575940630380160,720575941645118720,60663
720575940614423040,720575941494789120,13564
720575940618317056,720575941504116992,10921
720575940605276544,720575941427947904,42006
720575940613106944,720575941482680064,53013
720575940608280576,720575941438469888,44817
720575940610669056,720575941596585088,11048
720575940619115008,720575941411887488,24562
720575940608010496,720575941492014336,46153
720575940609785856,720575941681443456,40708
720575940620245248,720575941563683200,18785
720575940635050112,720575941453086592,14092
720575940627470464,720575941563355136,15401
720575940640357760,720575941513577728,54496
720575940606640128,720575941566408448,42303
720575940623246336,720575941414490496,23512
720575940610487296,720575941454836992,46226
720575940611209088,720575941461107968,19330
720575940615767936,720575941438716928,15214
720575940644748928,720575941438343936,15674
720575940614704384,720575941476408576,57397
720575940613467008,720575941413254784,55474
720575940624353536,720575941471139200,52567
720575940608960000,720575941459313664,19991
720575940626336384,720575941490670080,24701
